ClientID,age,job,marital,education,default,balance,housing,loan,contact,day,month,duration,campaign,pdays,previous,poutcome,engagement_score,TermDepositSubscribed,ResponsePropensity
CIF000001,23,blue-collar,divorced,unknown,no,-726.58,yes,no,unknown,19,sep,231,1,-1,3,other,0.8661,1,0.1024
CIF000002,65,student,divorced,tertiary,no,4273.07,yes,yes,telephone,14,feb,1270,3,19,3,failure,0.4294,1,0.9643
CIF000003,58,entrepreneur,single,unknown,no,1603.84,yes,no,telephone,10,jul,1291,5,-1,1,success,0.4921,1,0.638
CIF000004,45,management,single,unknown,no,651.61,no,no,cellular,13,aug,1112,3,18,0,success,0.0835,1,0.0662
CIF000005,44,entrepreneur,married,unknown,no,1181.45,no,no,telephone,27,feb,1640,6,7,4,failure,0.8371,1,0.4435
CIF000006,71,entrepreneur,single,tertiary,no,2169.37,no,no,cellular,11,oct,8,6,-1,4,other,0.1703,1,0.222
CIF000007,23,admin.,divorced,unknown,no,3350.44,yes,no,telephone,30,may,542,4,-1,1,failure,0.4106,1,0.4905
CIF000008,61,management,divorced,primary,no,-1499.14,yes,no,telephone,5,mar,331,3,-1,5,failure,0.8403,1,0.247
CIF000009,30,entrepreneur,divorced,tertiary,no,-1624.76,no,no,telephone,5,sep,1038,1,-1,1,success,0.4578,0,0.8318
CIF000010,23,student,single,unknown,no,4814.04,no,no,unknown,10,jun,1143,6,-1,5,other,0.9312,1,0.7211
CIF000011,50,entrepreneur,single,secondary,no,262.99,no,yes,unknown,1,jul,1616,7,29,0,other,0.2093,1,0.9066
CIF000012,78,student,married,unknown,yes,-2000.0,yes,no,telephone,27,jul,683,4,-1,3,failure,0.7152,1,0.198
CIF000013,63,blue-collar,divorced,tertiary,no,2831.44,yes,yes,telephone,11,aug,424,4,13,0,unknown,0.978,1,0.3854
CIF000014,65,blue-collar,divorced,secondary,no,2890.11,no,no,cellular,4,may,1663,6,-1,1,failure,0.5496,1,0.8055
CIF000015,62,admin.,single,secondary,no,-2000.0,yes,no,telephone,19,oct,1211,5,28,2,failure,0.6922,1,0.3738
CIF000016,66,retired,divorced,primary,no,2188.45,no,no,unknown,29,nov,1376,1,-1,0,failure,0.3932,1,0.3791
CIF000017,49,admin.,married,unknown,no,3706.75,no,no,cellular,30,jun,800,5,-1,2,failure,0.7513,1,0.986
CIF000018,25,blue-collar,married,tertiary,yes,2623.16,no,no,telephone,4,mar,805,7,-1,1,unknown,0.9089,1,0.7709
CIF000019,70,student,single,secondary,no,3395.94,no,no,telephone,24,apr,700,6,-1,0,success,0.7031,1,0.8608
CIF000020,45,management,married,unknown,no,-2000.0,yes,no,cellular,11,oct,1349,4,12,5,other,0.9359,1,0.407
CIF000021,49,management,married,primary,no,2493.12,yes,no,cellular,26,apr,379,4,-1,5,failure,0.5887,1,0.5859
CIF000022,40,retired,divorced,unknown,no,592.14,yes,no,unknown,19,oct,1755,2,-1,5,unknown,0.5771,0,0.4506
CIF000023,29,retired,single,secondary,no,51.63,yes,yes,telephone,22,aug,316,5,-1,0,failure,0.3046,0,0.4503
CIF000024,75,student,single,tertiary,no,4111.67,no,no,telephone,26,jun,829,2,-1,2,failure,0.7096,1,0.1277
CIF000025,66,management,divorced,primary,no,5937.82,no,no,cellular,27,feb,566,3,-1,1,success,0.882,1,0.8421
CIF000026,57,entrepreneur,single,tertiary,no,6883.11,no,yes,cellular,5,jul,1156,2,-1,1,failure,0.6463,1,0.3905
CIF000027,42,admin.,single,tertiary,no,5444.42,no,no,cellular,22,sep,1225,3,-1,2,failure,0.233,1,0.5818
CIF000028,69,entrepreneur,single,unknown,no,1170.8,yes,no,cellular,5,feb,1653,3,-1,3,success,0.5441,1,0.8571
CIF000029,51,retired,single,secondary,no,2558.16,yes,no,unknown,29,oct,1420,1,-1,2,unknown,0.7559,1,0.7735
CIF000030,45,blue-collar,divorced,primary,no,3800.47,yes,yes,telephone,19,mar,447,6,22,1,other,0.9394,1,0.1982
CIF000031,45,retired,single,primary,no,1863.53,no,no,unknown,6,may,371,4,-1,5,failure,0.1566,1,0.6185
CIF000032,32,admin.,single,primary,yes,1892.29,yes,no,telephone,9,jul,1595,7,-1,5,other,0.1275,1,0.4957
CIF000033,23,admin.,single,secondary,no,3971.26,no,no,unknown,27,sep,878,2,-1,1,unknown,0.4129,1,0.2602
CIF000034,52,entrepreneur,married,unknown,no,1322.15,no,no,cellular,20,mar,175,5,-1,1,failure,0.1256,0,0.0409
CIF000035,73,blue-collar,married,primary,no,-687.86,yes,no,unknown,7,may,1484,2,-1,3,failure,0.9804,1,0.6298
CIF000036,21,student,married,primary,no,256.58,yes,yes,telephone,25,oct,1167,4,-1,2,failure,0.4243,0,0.7799
CIF000037,71,entrepreneur,married,primary,no,3401.73,yes,no,cellular,22,apr,46,4,-1,5,unknown,0.5336,1,0.9417
CIF000038,69,entrepreneur,single,secondary,no,1508.98,yes,no,unknown,3,aug,1409,4,-1,2,unknown,0.2271,1,0.355
CIF000039,35,entrepreneur,divorced,tertiary,no,2520.63,yes,no,telephone,9,may,1093,5,-1,0,other,0.4491,1,0.3992
CIF000040,57,blue-collar,divorced,secondary,no,3510.24,no,no,cellular,26,jan,1106,6,28,0,other,0.9847,1,0.163
CIF000041,28,student,divorced,secondary,no,375.48,yes,no,unknown,11,jul,1556,3,-1,0,failure,0.4887,0,0.9846
CIF000042,65,retired,single,primary,no,3768.74,yes,no,telephone,2,may,891,6,-1,2,unknown,0.0088,1,0.8496
CIF000043,61,admin.,married,unknown,no,2636.53,no,no,telephone,19,apr,830,2,-1,1,failure,0.2425,1,0.9576
CIF000044,39,blue-collar,single,primary,no,-2000.0,yes,no,telephone,27,nov,1111,3,-1,5,other,0.9785,1,0.4953
CIF000045,22,admin.,divorced,primary,no,5826.91,no,no,cellular,17,oct,356,3,2,5,other,0.9891,1,0.2098
CIF000046,78,blue-collar,divorced,tertiary,no,-2.23,yes,no,cellular,30,apr,272,7,-1,0,other,0.2105,0,0.5732
CIF000047,45,management,divorced,unknown,no,-2000.0,yes,no,unknown,4,jul,1518,1,-1,5,other,0.6153,1,0.3721
CIF000048,73,student,single,secondary,no,-1635.13,yes,no,telephone,21,sep,388,3,-1,3,success,0.0769,1,0.3479
CIF000049,60,entrepreneur,single,primary,no,-1563.14,yes,yes,unknown,20,jan,907,3,-1,1,success,0.5774,0,0.0824
CIF000050,66,admin.,single,tertiary,no,1656.52,no,yes,cellular,30,feb,485,6,23,2,other,0.1259,1,0.0731
CIF000051,65,admin.,married,secondary,no,678.45,yes,no,telephone,16,jul,414,4,-1,2,success,0.8187,1,0.3788
CIF000052,30,entrepreneur,married,secondary,no,489.5,yes,no,telephone,25,dec,1076,7,9,1,failure,0.9396,1,0.9262
CIF000053,40,blue-collar,married,unknown,no,3359.11,yes,no,cellular,5,dec,1444,6,-1,5,success,0.173,1,0.723
CIF000054,46,management,divorced,unknown,no,2519.63,no,no,unknown,2,jun,795,5,23,0,failure,0.4627,1,0.7606
CIF000055,48,admin.,married,secondary,no,2448.14,yes,no,cellular,22,sep,249,6,-1,0,success,0.102,1,0.2343
CIF000056,20,blue-collar,divorced,tertiary,no,2729.49,yes,no,telephone,1,jun,440,2,-1,1,failure,0.3391,1,0.7345
CIF000057,51,management,single,tertiary,no,3348.4,no,yes,unknown,27,nov,296,4,6,0,failure,0.0651,1,0.4063
CIF000058,27,blue-collar,divorced,unknown,no,-2000.0,no,no,unknown,1,jul,1589,5,-1,0,unknown,0.2645,0,0.0594
CIF000059,64,entrepreneur,married,unknown,no,406.69,yes,no,cellular,21,nov,575,2,-1,2,other,0.9902,1,0.3948
CIF000060,60,blue-collar,married,secondary,no,-2000.0,no,yes,telephone,14,may,673,1,29,2,success,0.0446,1,0.1313
CIF000061,75,admin.,married,primary,no,1608.18,no,no,telephone,20,dec,127,1,-1,0,unknown,0.859,1,0.8537
CIF000062,64,entrepreneur,single,primary,no,1486.1,yes,no,unknown,19,sep,802,6,-1,4,failure,0.0775,1,0.8403
CIF000063,40,blue-collar,single,primary,no,4636.6,no,no,cellular,14,oct,1645,5,-1,5,failure,0.529,1,0.2875
CIF000064,77,student,married,unknown,no,5062.9,no,yes,telephone,15,jan,737,2,13,4,other,0.4521,1,0.6119
CIF000065,43,student,divorced,tertiary,no,2108.33,no,yes,unknown,16,oct,1172,6,16,3,other,0.9316,1,0.3638
CIF000066,38,entrepreneur,divorced,unknown,no,-1.08,yes,no,unknown,21,feb,327,5,-1,5,other,0.199,1,0.1542
CIF000067,74,blue-collar,married,primary,no,2955.48,no,no,unknown,22,dec,257,6,-1,2,failure,0.1797,1,0.6494
CIF000068,40,entrepreneur,married,primary,no,-83.75,no,yes,unknown,14,mar,1316,7,-1,2,unknown,0.7487,1,0.7601
CIF000069,22,management,divorced,primary,yes,1495.82,no,yes,unknown,11,oct,118,7,-1,0,success,0.7257,0,0.7747
CIF000070,47,entrepreneur,single,tertiary,no,4458.41,no,no,telephone,2,aug,807,2,13,4,unknown,0.6992,1,0.1492
CIF000071,67,retired,divorced,primary,no,-173.31,yes,no,unknown,24,may,570,6,-1,0,success,0.0261,1,0.5126
CIF000072,29,student,divorced,tertiary,no,3917.04,no,yes,telephone,7,nov,29,3,-1,3,failure,0.26,0,0.0239
CIF000073,46,entrepreneur,divorced,unknown,no,3532.2,yes,no,unknown,14,may,956,3,-1,4,failure,0.8399,1,0.0902
CIF000074,26,admin.,married,primary,no,-1364.38,no,no,unknown,30,jan,1735,5,-1,1,unknown,0.6009,1,0.0811
CIF000075,60,admin.,single,tertiary,no,4421.68,no,no,cellular,24,jan,124,5,14,3,other,0.6022,1,0.0572
CIF000076,47,student,single,tertiary,yes,3595.7,no,no,unknown,11,nov,1468,3,-1,1,success,0.2959,1,0.3338
CIF000077,38,entrepreneur,divorced,unknown,no,1805.78,no,no,unknown,15,may,970,7,-1,2,failure,0.2602,1,0.3577
CIF000078,32,blue-collar,married,primary,no,-786.97,no,no,unknown,10,oct,1302,2,6,3,success,0.9466,1,0.6979
CIF000079,52,management,married,primary,no,-1077.62,no,no,unknown,19,jan,173,1,23,1,other,0.7278,1,0.3299
CIF000080,59,student,single,primary,no,-112.99,yes,no,cellular,5,jan,1564,1,-1,4,success,0.1269,0,0.1404
CIF000081,76,entrepreneur,divorced,tertiary,no,3127.78,yes,no,cellular,29,dec,20,6,22,2,other,0.9377,1,0.9469
CIF000082,45,blue-collar,divorced,unknown,no,-1366.88,no,no,cellular,30,feb,1632,3,-1,2,failure,0.5824,1,0.8755
CIF000083,27,student,single,primary,no,2812.54,no,no,telephone,9,sep,1184,4,7,4,failure,0.3334,0,0.1242
CIF000084,69,admin.,single,secondary,no,-2000.0,no,yes,telephone,7,may,607,5,-1,1,other,0.3971,1,0.3628
CIF000085,57,student,married,tertiary,no,887.79,yes,no,telephone,17,jul,12,4,-1,2,success,0.7254,1,0.1681
CIF000086,61,management,divorced,unknown,no,1828.94,no,no,unknown,20,feb,1099,5,-1,5,success,0.3763,1,0.9591
CIF000087,24,admin.,married,unknown,no,8835.39,no,no,unknown,20,apr,157,1,-1,2,success,0.5787,0,0.356
CIF000088,37,blue-collar,married,tertiary,no,-2000.0,no,no,cellular,2,oct,1095,2,-1,0,other,0.7105,1,0.0981
CIF000089,65,retired,single,unknown,no,5916.04,yes,yes,unknown,22,jul,1391,7,-1,1,success,0.1954,1,0.7268
CIF000090,69,retired,single,unknown,no,1949.53,no,no,telephone,2,jul,481,4,-1,5,other,0.9442,1,0.7117
CIF000091,44,blue-collar,single,unknown,no,2733.52,yes,yes,unknown,11,dec,429,2,-1,4,unknown,0.3562,1,0.241
CIF000092,67,management,divorced,secondary,no,1855.04,no,no,telephone,22,may,399,3,-1,4,success,0.4194,1,0.3215
CIF000093,70,student,married,secondary,no,2834.18,no,no,telephone,27,oct,404,3,-1,1,failure,0.6985,1,0.415
CIF000094,42,retired,divorced,secondary,no,1038.94,yes,no,cellular,20,sep,205,2,21,5,unknown,0.6088,1,0.2677
CIF000095,73,retired,married,unknown,no,5862.15,no,no,cellular,5,jun,449,3,27,2,failure,0.4401,1,0.2889
CIF000096,35,blue-collar,married,secondary,no,130.59,yes,yes,unknown,21,apr,1186,6,-1,4,other,0.6497,1,0.8016
CIF000097,32,management,married,unknown,yes,4896.7,no,no,cellular,2,may,544,1,-1,5,other,0.9028,1,0.7519
CIF000098,60,retired,divorced,tertiary,no,-433.1,yes,yes,cellular,7,nov,1405,3,-1,1,failure,0.8003,1,0.6926
CIF000099,57,admin.,divorced,primary,no,1319.24,no,no,cellular,4,apr,1474,4,-1,5,unknown,0.8243,1,0.6868
CIF000100,26,blue-collar,divorced,secondary,no,-1715.89,yes,no,unknown,30,aug,1369,4,17,3,failure,0.2584,0,0.5219
CIF000101,69,student,married,primary,no,2865.07,yes,yes,telephone,12,feb,971,7,-1,4,failure,0.4194,1,0.3509
CIF000102,30,student,divorced,tertiary,no,5835.38,yes,no,telephone,17,may,569,7,-1,4,failure,0.5538,1,0.7205
CIF000103,67,blue-collar,married,secondary,yes,1267.93,no,no,telephone,24,dec,1673,3,-1,1,other,0.0442,1,0.1164
CIF000104,18,retired,single,secondary,no,909.34,no,no,telephone,30,jul,369,4,-1,4,failure,0.7698,1,0.1411
CIF000105,67,management,divorced,primary,no,-1843.85,yes,no,telephone,30,oct,836,1,14,1,unknown,0.3235,1,0.1263
CIF000106,66,management,married,primary,no,812.12,no,yes,telephone,5,apr,816,5,-1,1,unknown,0.2826,1,0.7327
CIF000107,66,management,married,unknown,no,-2000.0,no,no,cellular,12,oct,1342,2,-1,0,success,0.2593,1,0.5915
CIF000108,59,student,married,unknown,no,-1238.63,yes,no,cellular,13,dec,984,1,-1,1,unknown,0.2834,0,0.4502
CIF000109,47,entrepreneur,divorced,secondary,no,2180.36,no,no,unknown,24,dec,1439,5,23,5,unknown,0.338,1,0.4762
CIF000110,61,management,single,unknown,no,5457.04,no,no,telephone,11,jun,1654,2,-1,1,other,0.6048,1,0.8276
CIF000111,35,retired,married,tertiary,no,9927.63,yes,yes,unknown,7,sep,703,4,14,2,unknown,0.5836,1,0.1217
CIF000112,66,management,single,secondary,no,-259.76,no,no,unknown,23,nov,1574,1,19,2,success,0.2557,1,0.3832
CIF000113,52,student,divorced,secondary,no,5805.9,yes,no,unknown,15,oct,305,6,-1,4,unknown,0.2064,1,0.7602
CIF000114,46,blue-collar,married,tertiary,no,2231.26,yes,no,telephone,23,dec,1648,6,19,3,other,0.8264,1,0.6578
CIF000115,49,student,single,unknown,no,1046.26,no,no,unknown,12,jan,320,5,-1,3,success,0.0927,1,0.4351
CIF000116,53,retired,married,secondary,no,2797.78,no,yes,cellular,15,jul,1530,6,-1,5,other,0.5128,1,0.2243
CIF000117,20,student,married,secondary,no,1685.75,yes,no,telephone,1,oct,702,4,-1,2,success,0.5206,1,0.9464
CIF000118,26,entrepreneur,single,unknown,no,1831.19,no,no,unknown,1,sep,1736,2,-1,4,failure,0.5741,1,0.4079
CIF000119,33,entrepreneur,single,tertiary,no,275.0,no,no,cellular,1,feb,232,2,-1,5,other,0.8857,1,0.8778
CIF000120,25,admin.,single,secondary,no,-2000.0,yes,yes,cellular,6,jul,837,2,-1,4,other,0.6239,1,0.7778
CIF000121,45,student,married,secondary,no,-2000.0,yes,no,cellular,11,feb,1623,2,-1,0,unknown,0.9736,1,0.8615
CIF000122,59,retired,single,tertiary,no,3459.73,no,no,telephone,2,feb,85,3,-1,1,success,0.8714,1,0.0169
CIF000123,58,blue-collar,single,primary,no,669.9,no,yes,telephone,5,feb,477,2,-1,3,success,0.2147,1,0.4774
CIF000124,47,admin.,single,primary,no,-288.27,no,yes,telephone,26,dec,150,5,-1,2,failure,0.2412,0,0.2594
CIF000125,71,retired,single,tertiary,no,1525.52,yes,no,cellular,26,apr,578,2,-1,1,failure,0.3448,1,0.274
CIF000126,53,retired,married,primary,no,3884.8,no,no,telephone,9,jun,702,5,29,2,other,0.3915,1,0.2698
CIF000127,22,management,married,tertiary,no,2041.09,yes,no,unknown,29,apr,1114,3,24,0,unknown,0.553,1,0.3893
CIF000128,65,admin.,divorced,unknown,no,-468.16,no,no,cellular,4,nov,463,5,-1,1,other,0.2325,0,0.4107
CIF000129,53,student,single,primary,no,5178.88,no,no,unknown,1,nov,285,4,-1,4,success,0.2223,1,0.634
CIF000130,57,entrepreneur,single,secondary,no,6237.56,yes,no,cellular,11,aug,305,7,-1,0,unknown,0.3814,1,0.3004
CIF000131,53,retired,divorced,unknown,no,2983.67,yes,no,cellular,8,oct,1689,4,4,5,failure,0.672,1,0.2728
CIF000132,52,student,married,primary,no,4420.99,yes,no,cellular,3,feb,1715,3,-1,2,other,0.6881,1,0.3606
CIF000133,23,management,divorced,unknown,no,5225.88,yes,no,cellular,26,dec,398,5,5,4,success,0.9761,1,0.6865
CIF000134,52,admin.,single,primary,no,4890.3,no,no,telephone,30,jun,351,5,-1,1,unknown,0.2024,1,0.0002
CIF000135,67,student,divorced,unknown,no,3342.3,no,no,telephone,9,may,97,4,-1,4,unknown,0.3929,0,0.7469
CIF000136,36,retired,single,secondary,no,3295.04,no,no,telephone,10,mar,1726,4,2,3,other,0.9647,1,0.339
CIF000137,55,student,single,primary,no,3058.98,no,no,cellular,22,nov,1271,4,-1,5,unknown,0.69,1,0.5762
CIF000138,19,management,single,tertiary,no,-1792.01,no,no,telephone,28,mar,1369,3,14,0,success,0.5923,0,0.7615
CIF000139,39,student,married,primary,no,3602.17,no,no,unknown,9,nov,523,3,-1,4,other,0.5396,1,0.5108
CIF000140,45,student,single,secondary,no,-2000.0,yes,no,cellular,21,sep,1153,7,-1,1,unknown,0.0755,1,0.6472
CIF000141,78,blue-collar,divorced,tertiary,no,-883.8,no,no,unknown,1,oct,107,5,-1,2,unknown,0.8934,0,0.9199
CIF000142,31,blue-collar,single,tertiary,no,5410.7,no,no,cellular,17,jan,1216,1,-1,0,other,0.6255,1,0.0299
CIF000143,35,admin.,married,secondary,no,4020.66,yes,no,telephone,30,sep,1043,7,-1,5,other,0.5717,1,0.3495
CIF000144,43,retired,divorced,unknown,no,5962.19,no,yes,telephone,15,dec,596,5,-1,3,success,0.5395,1,0.9269
CIF000145,79,blue-collar,married,secondary,no,684.98,no,no,unknown,20,may,1278,1,-1,5,unknown,0.3919,0,0.8374
CIF000146,70,entrepreneur,married,secondary,no,-1956.75,yes,no,telephone,21,jun,1163,6,-1,3,unknown,0.2547,1,0.6168
CIF000147,20,retired,married,secondary,no,778.69,yes,no,telephone,19,feb,790,5,-1,0,other,0.7553,0,0.2293
CIF000148,32,entrepreneur,married,unknown,no,1806.09,yes,no,unknown,21,jun,336,7,-1,2,other,0.5096,1,0.3305
CIF000149,68,admin.,married,tertiary,no,1736.97,yes,no,cellular,27,sep,42,4,-1,2,other,0.0339,0,0.858
CIF000150,21,entrepreneur,married,primary,no,4901.04,yes,no,cellular,1,apr,1687,4,-1,0,other,0.3991,0,0.6983
CIF000151,71,admin.,divorced,unknown,no,416.19,yes,no,telephone,27,sep,506,3,17,5,failure,0.9286,1,0.2857
CIF000152,35,entrepreneur,single,secondary,no,2556.1,yes,no,cellular,28,feb,543,3,-1,5,failure,0.3739,1,0.1322
CIF000153,74,retired,married,secondary,no,-1465.88,no,yes,cellular,28,sep,1225,5,-1,3,failure,0.4132,0,0.7808
CIF000154,36,management,single,primary,no,2850.95,yes,no,telephone,12,aug,459,6,19,3,success,0.624,1,0.5762
CIF000155,44,retired,divorced,unknown,no,1509.33,yes,no,cellular,18,mar,676,7,-1,4,unknown,0.8017,1,0.9634
CIF000156,59,admin.,divorced,primary,no,-749.44,yes,no,telephone,11,may,1280,6,-1,4,unknown,0.6685,1,0.4065
CIF000157,25,retired,married,unknown,no,792.51,no,no,telephone,26,mar,1071,5,-1,0,other,0.8501,0,0.349
CIF000158,52,entrepreneur,married,primary,no,947.47,yes,no,telephone,13,aug,1181,4,-1,3,failure,0.114,1,0.2908
CIF000159,49,blue-collar,divorced,tertiary,no,689.53,no,no,telephone,10,aug,8,3,-1,4,unknown,0.9246,0,0.4819
CIF000160,66,management,single,primary,no,6814.02,no,no,cellular,21,jul,812,6,18,4,success,0.9039,1,0.3227
CIF000161,79,admin.,divorced,secondary,no,1204.66,yes,yes,telephone,2,mar,855,3,27,3,failure,0.5191,1,0.0732
CIF000162,59,entrepreneur,married,unknown,no,768.31,no,no,cellular,12,mar,1138,2,-1,5,unknown,0.6247,1,0.3121
CIF000163,43,entrepreneur,married,tertiary,no,-2000.0,no,no,telephone,7,oct,272,7,-1,3,failure,0.2128,1,0.2189
CIF000164,43,admin.,single,tertiary,no,-1182.62,no,no,unknown,12,jun,287,5,6,2,failure,0.4479,1,0.8154
CIF000165,43,student,married,primary,no,710.78,no,yes,unknown,14,jun,1372,3,-1,2,success,0.2027,0,0.2356
CIF000166,68,entrepreneur,divorced,unknown,no,-557.56,yes,yes,cellular,2,apr,1211,7,-1,4,other,0.022,1,0.4589
CIF000167,37,admin.,divorced,secondary,no,5645.12,yes,no,cellular,26,dec,1460,7,-1,5,other,0.9809,1,0.6727
CIF000168,28,entrepreneur,married,tertiary,no,1005.19,yes,no,unknown,13,mar,487,3,-1,1,other,0.2591,0,0.1492
CIF000169,38,student,single,unknown,no,5365.33,no,no,unknown,11,oct,1795,4,-1,1,failure,0.5931,1,0.5313
CIF000170,19,retired,single,tertiary,no,1685.11,yes,no,cellular,5,oct,491,4,-1,3,success,0.3003,0,0.8472
CIF000171,24,management,single,tertiary,no,1611.68,yes,yes,unknown,30,mar,1171,5,-1,4,unknown,0.3706,0,0.5841
CIF000172,23,student,single,primary,no,1233.61,no,yes,cellular,26,jan,291,7,-1,2,success,0.3978,0,0.4824
CIF000173,65,admin.,single,secondary,yes,1511.39,yes,no,telephone,15,mar,1653,4,23,3,success,0.335,1,0.8389
CIF000174,62,management,divorced,tertiary,no,6656.39,yes,yes,cellular,11,apr,598,6,-1,0,other,0.6374,1,0.9473
CIF000175,61,blue-collar,married,primary,no,-2000.0,no,no,cellular,15,sep,1444,5,-1,1,unknown,0.9609,1,0.821
CIF000176,46,retired,married,secondary,no,-2000.0,no,no,unknown,29,jul,596,7,-1,5,other,0.4286,0,0.4084
CIF000177,62,student,divorced,unknown,no,-129.51,yes,no,telephone,7,jun,1423,3,-1,3,success,0.9733,1,0.6117
CIF000178,27,admin.,divorced,unknown,no,1543.58,no,no,cellular,21,jun,817,3,26,5,unknown,0.6678,1,0.5266
CIF000179,73,admin.,single,unknown,no,3570.31,no,yes,unknown,28,dec,112,3,21,1,other,0.6071,1,0.3033
CIF000180,49,student,divorced,unknown,no,2919.26,yes,no,cellular,23,dec,342,7,-1,1,failure,0.2371,1,0.4353
CIF000181,76,entrepreneur,married,unknown,no,347.26,yes,no,cellular,27,jan,1230,5,-1,5,failure,0.0629,0,0.8293
CIF000182,27,blue-collar,divorced,primary,no,4557.13,yes,no,unknown,29,nov,347,2,-1,5,unknown,0.8519,1,0.3005
CIF000183,48,admin.,divorced,unknown,no,4590.59,yes,no,telephone,2,may,495,1,-1,5,unknown,0.574,1,0.8896
CIF000184,61,entrepreneur,married,tertiary,no,2052.17,yes,no,cellular,8,oct,975,4,-1,1,unknown,0.4144,1,0.9914
CIF000185,48,admin.,married,unknown,no,4387.97,no,no,unknown,5,dec,455,6,-1,4,failure,0.812,1,0.3068
CIF000186,45,blue-collar,single,tertiary,no,2317.94,no,no,cellular,18,jul,231,4,-1,2,failure,0.3106,1,0.1227
CIF000187,28,blue-collar,divorced,primary,no,-184.45,yes,no,telephone,13,aug,1123,4,-1,5,failure,0.7836,1,0.9572
CIF000188,41,admin.,married,tertiary,no,3593.45,no,no,cellular,2,jun,1240,6,-1,5,success,0.328,1,0.1711
CIF000189,32,student,single,unknown,yes,1831.84,yes,no,telephone,17,jan,1319,4,-1,2,other,0.9209,1,0.7715
CIF000190,36,retired,divorced,primary,no,1504.02,no,no,unknown,4,jan,1699,7,-1,1,other,0.268,1,0.0391
CIF000191,60,student,married,tertiary,yes,5918.86,no,no,unknown,13,may,224,5,-1,5,failure,0.1376,1,0.2356
CIF000192,57,blue-collar,single,tertiary,no,-2000.0,no,no,telephone,11,oct,768,6,-1,2,other,0.6981,1,0.2602
CIF000193,55,blue-collar,married,secondary,no,-2000.0,yes,no,telephone,27,may,421,6,-1,2,success,0.1628,1,0.2972
CIF000194,40,blue-collar,married,unknown,no,-2000.0,yes,yes,unknown,21,jun,1621,5,-1,3,failure,0.9494,1,0.9193
CIF000195,77,management,single,primary,no,410.22,yes,no,unknown,19,jul,971,1,-1,5,unknown,0.6556,1,0.1753
CIF000196,23,blue-collar,married,secondary,no,736.18,no,no,unknown,25,apr,176,3,10,0,failure,0.2309,0,0.1736
CIF000197,39,blue-collar,married,unknown,no,-2000.0,yes,yes,telephone,6,jun,1245,1,21,5,unknown,0.2088,1,0.6917
CIF000198,25,student,divorced,tertiary,no,-1455.47,no,no,telephone,8,aug,77,4,-1,2,unknown,0.9239,0,0.9523
CIF000199,39,entrepreneur,married,primary,no,-1082.53,yes,no,unknown,23,nov,493,2,-1,0,other,0.6079,1,0.3893
CIF000200,77,retired,divorced,primary,no,8872.27,no,no,cellular,23,oct,1298,4,2,1,unknown,0.8937,1,0.7731
CIF000201,40,blue-collar,married,tertiary,no,6905.23,yes,no,unknown,1,oct,910,3,-1,2,success,0.1102,1,0.031
CIF000202,74,student,single,unknown,no,264.75,yes,no,unknown,7,jul,1369,1,-1,4,unknown,0.9254,1,0.8241
CIF000203,48,retired,divorced,primary,no,409.25,no,no,telephone,7,sep,1028,1,-1,3,success,0.52,0,0.7234
CIF000204,61,student,single,primary,no,-1947.61,yes,no,unknown,1,feb,1517,4,-1,0,other,0.6684,1,0.8966
CIF000205,46,management,single,secondary,no,-2000.0,yes,no,telephone,20,feb,1012,1,-1,2,failure,0.3729,0,0.6375
CIF000206,34,student,divorced,primary,no,1149.36,no,no,unknown,2,dec,102,6,-1,1,unknown,0.0591,1,0.9413
CIF000207,65,entrepreneur,married,primary,no,-1493.56,no,no,telephone,26,aug,128,6,-1,1,unknown,0.958,1,0.3899
CIF000208,78,entrepreneur,divorced,secondary,no,1245.45,no,no,cellular,18,feb,1398,5,-1,4,other,0.9946,1,0.7325
CIF000209,34,admin.,divorced,tertiary,no,-2000.0,no,no,unknown,23,may,69,2,-1,4,unknown,0.3645,0,0.7256
CIF000210,66,blue-collar,divorced,unknown,no,-785.92,yes,no,unknown,15,dec,677,6,-1,0,failure,0.9439,1,0.2686
CIF000211,34,retired,single,secondary,no,1945.88,yes,no,cellular,30,jan,28,5,-1,3,other,0.1677,1,0.9206
CIF000212,62,blue-collar,single,tertiary,no,2598.63,yes,no,unknown,9,jun,546,3,-1,2,success,0.1547,1,0.7792
CIF000213,66,admin.,single,unknown,no,2752.42,no,no,telephone,17,nov,1071,1,-1,2,other,0.0731,1,0.8664
CIF000214,45,blue-collar,single,primary,no,-2000.0,no,no,unknown,1,dec,311,4,-1,4,other,0.3913,1,0.3626
CIF000215,63,entrepreneur,divorced,unknown,no,4064.06,yes,no,cellular,25,may,838,6,12,1,success,0.0523,1,0.8413
CIF000216,34,retired,divorced,primary,no,-900.64,no,no,cellular,18,nov,1792,1,-1,4,other,0.3947,0,0.315
CIF000217,22,admin.,married,tertiary,no,3398.57,yes,yes,cellular,6,sep,126,1,-1,2,unknown,0.1384,0,0.9644
CIF000218,23,admin.,married,unknown,no,1468.08,yes,yes,unknown,25,may,114,3,-1,0,unknown,0.7305,0,0.0239
CIF000219,45,retired,divorced,unknown,no,-2000.0,yes,no,unknown,30,oct,488,4,11,4,failure,0.8334,1,0.6192
CIF000220,73,admin.,single,secondary,no,551.41,yes,no,unknown,3,oct,1488,4,6,5,other,0.6878,1,0.1122
CIF000221,25,entrepreneur,single,tertiary,yes,2596.09,yes,no,telephone,26,apr,730,3,17,3,success,0.2005,0,0.7187
CIF000222,46,retired,married,primary,no,3338.9,no,no,unknown,23,feb,1151,2,-1,4,failure,0.7668,1,0.3637
CIF000223,61,management,married,secondary,no,1077.04,yes,no,cellular,11,oct,60,1,-1,0,unknown,0.2495,1,0.8706
CIF000224,30,admin.,single,unknown,no,6095.34,no,no,unknown,20,jan,1323,1,-1,2,other,0.7595,1,0.8727
CIF000225,62,retired,divorced,primary,no,4522.53,no,no,telephone,24,oct,121,1,-1,2,other,0.5674,0,0.3681
CIF000226,36,admin.,divorced,primary,no,730.04,no,no,unknown,15,may,1281,5,-1,4,unknown,0.3667,0,0.81
CIF000227,68,blue-collar,divorced,tertiary,no,3750.37,yes,no,unknown,20,sep,266,6,-1,2,failure,0.0835,1,0.6811
CIF000228,53,admin.,married,tertiary,no,7301.38,no,no,telephone,2,aug,1545,4,-1,4,success,0.8275,1,0.4266
CIF000229,51,management,married,secondary,no,7381.45,yes,no,cellular,28,jan,533,1,18,1,unknown,0.9397,1,0.3432
CIF000230,28,retired,single,primary,no,-2000.0,no,no,cellular,28,jan,330,3,-1,3,success,0.6659,1,0.2103
CIF000231,46,management,single,primary,no,-1279.6,yes,no,unknown,7,aug,606,7,-1,1,other,0.9645,1,0.0632
CIF000232,71,admin.,married,tertiary,no,5954.76,no,no,telephone,15,jul,1,2,-1,3,other,0.9341,1,0.5174
CIF000233,19,entrepreneur,single,secondary,no,-1674.84,yes,no,cellular,8,jan,297,4,17,0,other,0.1946,0,0.54
CIF000234,65,admin.,divorced,unknown,no,-2000.0,no,no,unknown,12,dec,1077,4,21,4,other,0.7312,1,0.444
CIF000235,48,entrepreneur,married,secondary,no,41.42,yes,no,telephone,9,mar,541,3,-1,0,failure,0.3493,0,0.9506
CIF000236,62,blue-collar,divorced,secondary,no,2760.68,no,no,cellular,26,nov,636,4,25,5,failure,0.4875,1,0.0137
CIF000237,59,retired,single,primary,no,1192.81,yes,no,unknown,21,feb,1453,4,17,5,failure,0.157,1,0.8503
CIF000238,44,retired,single,tertiary,no,-451.69,no,no,telephone,26,mar,222,4,13,3,other,0.9748,1,0.8008
CIF000239,37,retired,single,secondary,yes,-522.64,yes,no,unknown,24,jul,712,6,16,5,success,0.7261,1,0.7588
CIF000240,56,blue-collar,divorced,unknown,no,-637.01,no,no,unknown,22,jul,335,5,-1,4,failure,0.2669,0,0.5249
CIF000241,26,admin.,single,secondary,no,-1138.53,no,no,unknown,5,aug,869,1,6,0,success,0.3715,0,0.1904
CIF000242,54,admin.,married,unknown,no,8344.9,yes,yes,unknown,25,mar,597,1,-1,4,unknown,0.4225,1,0.8629
CIF000243,23,student,married,secondary,no,2392.53,yes,no,unknown,24,apr,83,3,2,2,failure,0.7475,0,0.7446
CIF000244,58,student,divorced,secondary,no,4160.28,no,no,unknown,4,apr,126,7,-1,5,unknown,0.9257,1,0.8328
CIF000245,56,blue-collar,married,secondary,no,32.77,no,no,telephone,3,jun,1534,1,4,5,other,0.3214,0,0.2358
CIF000246,23,student,divorced,secondary,no,942.13,yes,no,unknown,23,dec,102,1,25,5,unknown,0.4725,0,0.5544
CIF000247,64,management,single,secondary,no,-640.66,no,yes,unknown,12,jun,1408,5,-1,2,other,0.5932,0,0.416
CIF000248,43,blue-collar,married,unknown,no,-2000.0,yes,yes,cellular,10,dec,1648,4,28,1,unknown,0.3933,0,0.6397
CIF000249,66,blue-collar,married,tertiary,no,-2000.0,yes,no,cellular,12,apr,838,2,-1,0,unknown,0.5042,1,0.7526
CIF000250,20,blue-collar,divorced,primary,no,-2000.0,yes,yes,telephone,27,mar,561,2,-1,0,success,0.1057,0,0.1737
CIF000251,29,retired,married,primary,no,-2000.0,yes,no,cellular,11,feb,1397,5,-1,5,unknown,0.1677,0,0.174
CIF000252,48,blue-collar,married,primary,no,-2000.0,no,no,telephone,12,mar,1768,4,9,3,unknown,0.4011,0,0.0436
CIF000253,29,blue-collar,married,tertiary,no,5474.87,no,no,cellular,12,apr,216,5,-1,2,failure,0.9149,1,0.1572
CIF000254,38,retired,single,primary,no,1366.69,no,no,unknown,2,may,1735,2,-1,2,success,0.3494,1,0.2402
CIF000255,58,blue-collar,divorced,secondary,no,5371.69,no,no,unknown,2,sep,1698,4,-1,1,unknown,0.2498,1,0.0725
CIF000256,26,blue-collar,married,unknown,no,2732.95,yes,no,cellular,13,jun,256,7,-1,3,unknown,0.7429,1,0.3557
CIF000257,60,retired,divorced,primary,no,3847.68,yes,no,unknown,1,sep,98,3,-1,2,failure,0.9491,1,0.6752
CIF000258,24,student,divorced,primary,no,-1202.69,no,yes,cellular,23,feb,1286,3,16,4,success,0.4591,0,0.7931
CIF000259,28,management,married,primary,no,3071.85,yes,no,unknown,13,dec,139,2,-1,0,unknown,0.0086,0,0.3458
CIF000260,54,retired,married,secondary,no,3686.14,no,no,unknown,16,feb,1081,5,7,5,failure,0.6881,1,0.0838
CIF000261,67,student,single,primary,no,-229.94,no,yes,unknown,11,jan,116,1,-1,0,unknown,0.4151,0,0.7594
CIF000262,28,management,married,tertiary,no,3178.62,no,no,telephone,23,jun,1243,2,29,2,failure,0.6736,1,0.3912
CIF000263,36,retired,married,tertiary,no,3198.56,no,no,cellular,13,aug,417,5,-1,2,failure,0.2777,1,0.2514
CIF000264,75,admin.,single,primary,no,-148.66,yes,no,unknown,2,mar,173,1,-1,4,success,0.0024,0,0.4707
CIF000265,79,admin.,divorced,tertiary,no,-1868.31,yes,no,cellular,15,feb,119,7,-1,3,unknown,0.3445,0,0.9699
CIF000266,54,student,divorced,secondary,yes,-2000.0,yes,no,telephone,6,nov,339,3,-1,1,other,0.7048,1,0.3726
CIF000267,45,admin.,single,primary,no,1759.52,yes,no,cellular,18,oct,973,3,-1,2,unknown,0.3931,1,0.9595
CIF000268,39,retired,married,secondary,no,2481.03,no,no,unknown,17,oct,137,4,3,3,other,0.2192,1,0.2532
CIF000269,55,entrepreneur,married,tertiary,no,-877.58,yes,no,telephone,15,mar,1444,5,-1,2,success,0.464,0,0.1055
CIF000270,54,retired,single,primary,no,1579.76,yes,yes,telephone,12,jul,1087,4,-1,0,failure,0.7523,1,0.1572
CIF000271,36,management,married,unknown,no,3211.61,yes,yes,cellular,18,sep,535,7,-1,1,failure,0.1194,1,0.7738
CIF000272,19,admin.,single,unknown,no,3354.57,yes,no,unknown,21,jun,1775,7,29,3,other,0.6918,1,0.5376
CIF000273,27,entrepreneur,divorced,primary,yes,6155.64,yes,yes,cellular,27,mar,1185,2,-1,1,other,0.6673,1,0.5819
CIF000274,77,retired,divorced,primary,no,5330.94,no,yes,unknown,29,oct,1209,5,-1,3,success,0.3707,1,0.9677
CIF000275,43,student,married,secondary,no,-1503.87,yes,yes,unknown,3,dec,313,3,-1,0,unknown,0.9703,1,0.5048
CIF000276,47,retired,married,unknown,no,6550.76,no,no,cellular,20,feb,1279,7,-1,4,other,0.8947,1,0.117
CIF000277,46,student,married,primary,no,-92.93,no,no,unknown,3,sep,1006,2,-1,1,failure,0.3162,1,0.7185
CIF000278,66,student,single,secondary,no,4634.62,no,no,cellular,13,nov,1772,3,-1,3,unknown,0.0311,1,0.2079
CIF000279,22,student,married,tertiary,no,1703.96,no,yes,unknown,23,jul,860,5,-1,5,other,0.3083,0,0.5815
CIF000280,23,management,divorced,primary,yes,263.55,yes,no,unknown,17,jan,1220,6,-1,2,unknown,0.2047,0,0.8544
CIF000281,35,entrepreneur,divorced,primary,no,-2000.0,yes,yes,cellular,25,sep,614,1,-1,0,failure,0.5473,1,0.4771
CIF000282,48,management,married,primary,no,985.31,yes,no,cellular,28,dec,72,4,-1,0,unknown,0.9187,1,0.3143
CIF000283,59,retired,single,primary,no,-2000.0,no,no,cellular,30,apr,230,3,22,2,failure,0.8703,1,0.5755
CIF000284,48,entrepreneur,single,tertiary,no,4401.9,yes,no,unknown,21,feb,1560,5,-1,0,other,0.3058,1,0.127
CIF000285,45,retired,married,unknown,no,6050.38,no,yes,unknown,21,apr,1328,4,-1,5,unknown,0.4286,1,0.3076
CIF000286,76,retired,divorced,secondary,no,-890.73,yes,no,cellular,25,oct,656,7,-1,5,unknown,0.0365,1,0.5041
CIF000287,27,blue-collar,divorced,secondary,no,2405.91,no,no,unknown,7,jul,1256,7,-1,5,other,0.5442,0,0.2542
CIF000288,53,student,married,primary,no,-676.17,no,yes,unknown,10,jan,7,5,16,5,unknown,0.0634,0,0.0393
CIF000289,51,student,single,unknown,no,-385.45,no,no,telephone,11,aug,66,5,-1,3,unknown,0.9386,1,0.5851
CIF000290,47,management,single,unknown,no,3823.48,yes,no,cellular,23,oct,913,7,-1,1,success,0.8669,1,0.4012
CIF000291,68,blue-collar,married,tertiary,no,1384.39,yes,no,telephone,11,mar,1124,2,-1,2,failure,0.2142,1,0.3906
CIF000292,34,blue-collar,married,secondary,no,6718.94,yes,no,telephone,5,aug,1686,6,-1,1,other,0.6994,1,0.9968
CIF000293,77,student,married,primary,no,53.3,no,no,unknown,24,mar,1367,6,22,5,unknown,0.568,0,0.1118
CIF000294,38,admin.,divorced,unknown,yes,4498.01,yes,no,telephone,23,jan,463,1,-1,2,success,0.8014,1,0.1542
CIF000295,51,entrepreneur,single,primary,no,1792.24,no,no,cellular,18,may,1467,7,-1,2,other,0.4757,1,0.8763
CIF000296,50,management,divorced,primary,no,3887.33,no,no,cellular,27,oct,884,5,7,4,success,0.1918,1,0.1303
CIF000297,70,blue-collar,married,tertiary,no,158.53,yes,no,telephone,24,sep,1486,3,5,2,unknown,0.6398,1,0.9176
CIF000298,45,student,single,primary,no,1351.32,no,no,telephone,28,feb,312,4,-1,2,unknown,0.0803,1,0.672
CIF000299,35,management,single,primary,no,1153.5,yes,no,telephone,8,mar,47,4,-1,1,unknown,0.5846,0,0.5282
CIF000300,19,admin.,single,tertiary,no,-1008.17,no,no,unknown,4,jul,103,7,-1,0,other,0.2127,0,0.2784
CIF000301,40,blue-collar,divorced,primary,no,3486.24,no,no,cellular,11,apr,1783,7,8,0,unknown,0.6849,1,0.3595
CIF000302,69,entrepreneur,single,secondary,no,3450.75,no,yes,unknown,25,apr,144,6,-1,2,unknown,0.828,1,0.826
CIF000303,18,blue-collar,married,tertiary,no,3280.66,yes,no,telephone,28,jun,1690,5,-1,5,failure,0.1095,1,0.0575
CIF000304,73,student,married,primary,no,6110.9,yes,no,unknown,4,oct,1308,1,13,1,failure,0.4003,1,0.7685
CIF000305,51,entrepreneur,single,unknown,no,5848.03,yes,no,unknown,26,jul,262,7,-1,3,unknown,0.7335,1,0.8278
CIF000306,26,management,married,primary,no,375.17,yes,no,unknown,15,nov,1555,1,-1,1,failure,0.1637,0,0.706
CIF000307,36,management,married,tertiary,no,2619.16,yes,no,unknown,25,feb,259,2,-1,1,other,0.5665,1,0.0545
CIF000308,52,blue-collar,married,primary,no,-370.8,yes,no,telephone,21,jun,257,1,17,0,unknown,0.6718,1,0.7427
CIF000309,37,management,married,tertiary,no,1570.07,no,no,telephone,2,jul,1035,7,-1,3,other,0.3548,1,0.7232
CIF000310,24,entrepreneur,married,unknown,no,-299.25,no,no,telephone,15,oct,518,4,-1,3,success,0.832,0,0.0131
CIF000311,59,admin.,single,unknown,no,6360.21,no,no,cellular,3,jul,523,2,-1,2,failure,0.5107,1,0.8923
CIF000312,59,entrepreneur,single,secondary,no,2591.09,no,no,unknown,11,nov,351,1,3,3,success,0.627,1,0.1322
CIF000313,25,management,married,primary,no,845.91,yes,no,unknown,23,nov,1093,3,5,2,failure,0.1409,0,0.9608
CIF000314,35,admin.,married,unknown,yes,5080.86,no,no,telephone,21,sep,48,6,-1,1,unknown,0.0232,0,0.0708
CIF000315,33,retired,single,tertiary,no,-2000.0,yes,no,unknown,22,may,441,7,-1,4,unknown,0.0507,1,0.238
CIF000316,58,management,married,primary,no,-2000.0,yes,no,telephone,20,apr,996,4,21,3,unknown,0.9039,1,0.6902
CIF000317,63,blue-collar,divorced,primary,no,3887.52,no,no,cellular,1,jul,875,5,6,0,success,0.8826,1,0.1372
CIF000318,63,management,single,secondary,no,1681.41,yes,no,unknown,18,jun,1259,6,-1,2,unknown,0.8076,1,0.185
CIF000319,76,blue-collar,single,tertiary,no,2251.34,yes,no,telephone,15,jan,389,7,-1,2,unknown,0.1996,1,0.0112
CIF000320,65,management,married,secondary,no,-2000.0,no,no,unknown,16,mar,1166,2,20,4,unknown,0.5255,0,0.8265
CIF000321,37,admin.,married,unknown,no,1430.3,yes,yes,cellular,7,nov,1367,7,23,1,unknown,0.7961,1,0.0376
CIF000322,24,management,married,tertiary,no,7510.53,yes,no,telephone,22,jun,698,4,-1,5,other,0.6747,1,0.6326
CIF000323,56,admin.,single,unknown,yes,3972.6,no,no,unknown,19,dec,462,7,-1,3,unknown,0.1155,1,0.5823
CIF000324,74,admin.,married,unknown,no,2009.12,yes,no,cellular,13,mar,999,1,-1,0,success,0.8955,1,0.5112
CIF000325,78,blue-collar,divorced,secondary,no,182.84,no,yes,unknown,2,dec,1041,1,12,2,failure,0.1607,0,0.3752
CIF000326,32,blue-collar,married,unknown,no,316.28,no,yes,telephone,3,oct,169,7,-1,5,unknown,0.1718,0,0.2996
CIF000327,32,entrepreneur,single,secondary,no,-2000.0,yes,no,cellular,11,may,1017,5,-1,1,failure,0.901,1,0.9569
CIF000328,20,admin.,single,primary,yes,2272.92,no,no,unknown,17,aug,277,2,-1,4,unknown,0.4846,1,0.7854
CIF000329,26,blue-collar,single,secondary,no,4036.45,yes,no,unknown,30,dec,1023,7,20,4,failure,0.3729,0,0.9227
CIF000330,52,admin.,divorced,secondary,no,-2000.0,no,no,telephone,22,aug,1677,1,18,4,other,0.5537,1,0.7339
CIF000331,51,student,single,unknown,no,-484.25,no,no,telephone,15,dec,966,5,25,0,success,0.9814,1,0.829
CIF000332,40,retired,divorced,unknown,no,-1972.39,no,yes,unknown,9,feb,1370,2,-1,2,other,0.1196,1,0.9642
CIF000333,37,blue-collar,married,primary,no,-1396.05,yes,no,cellular,6,feb,557,1,9,2,success,0.7569,1,0.4536
CIF000334,69,admin.,divorced,primary,no,1660.44,yes,no,telephone,5,jan,1660,6,13,2,other,0.3343,1,0.9069
CIF000335,46,student,single,tertiary,no,-2000.0,yes,no,telephone,3,apr,1462,6,-1,5,unknown,0.117,0,0.0431
CIF000336,68,retired,single,tertiary,no,3342.81,no,no,cellular,28,oct,1650,1,-1,0,unknown,0.4219,1,0.1079
CIF000337,77,student,single,tertiary,no,3761.57,yes,no,cellular,1,dec,1334,1,29,3,failure,0.5488,1,0.4904
CIF000338,37,blue-collar,divorced,secondary,no,746.69,yes,no,telephone,26,jul,1168,5,-1,5,success,0.206,0,0.454
CIF000339,30,entrepreneur,married,unknown,no,-2000.0,yes,no,unknown,18,jun,945,1,-1,5,other,0.4053,0,0.4382
CIF000340,77,admin.,single,secondary,no,-1489.26,yes,no,telephone,19,dec,1670,6,-1,3,unknown,0.6357,1,0.5372
CIF000341,57,entrepreneur,married,secondary,no,5198.71,no,no,cellular,29,aug,1526,7,-1,5,unknown,0.5764,1,0.5384
CIF000342,36,admin.,single,secondary,no,-2000.0,yes,yes,unknown,24,jul,750,6,-1,2,other,0.7232,1,0.8706
CIF000343,56,admin.,married,unknown,no,457.43,yes,no,cellular,5,feb,154,2,3,3,success,0.8364,0,0.3459
CIF000344,49,management,single,secondary,no,-2000.0,yes,no,cellular,30,mar,6,2,-1,3,failure,0.4091,0,0.3162
CIF000345,74,student,married,tertiary,no,3913.71,no,no,cellular,6,sep,420,5,13,0,unknown,0.423,1,0.7019
CIF000346,33,management,married,unknown,no,-525.34,no,yes,unknown,18,sep,112,1,-1,0,success,0.4967,0,0.6485
CIF000347,79,retired,single,primary,no,2711.86,yes,no,unknown,20,jun,380,4,-1,5,other,0.5664,1,0.8298
CIF000348,76,retired,married,tertiary,no,3196.38,yes,yes,cellular,8,sep,197,4,9,1,unknown,0.1083,0,0.3093
CIF000349,29,student,single,tertiary,no,7008.68,no,no,telephone,19,sep,1765,6,-1,2,unknown,0.3126,0,0.0064
CIF000350,28,admin.,married,unknown,no,891.17,no,no,unknown,20,jan,171,2,-1,3,other,0.1719,0,0.9441
CIF000351,51,blue-collar,divorced,primary,no,2628.13,yes,no,unknown,30,nov,1128,6,8,3,other,0.3859,1,0.0442
CIF000352,20,management,divorced,tertiary,no,-2000.0,yes,no,unknown,28,sep,633,5,-1,3,unknown,0.9734,0,0.68
CIF000353,36,retired,single,unknown,no,5071.24,yes,no,cellular,12,mar,313,2,-1,5,success,0.5827,1,0.3218
CIF000354,44,retired,married,secondary,no,-781.53,yes,no,cellular,21,mar,1262,3,-1,4,other,0.4294,0,0.4235
CIF000355,78,retired,married,tertiary,no,-182.26,yes,yes,cellular,25,dec,1746,1,23,5,unknown,0.5659,1,0.838
CIF000356,79,blue-collar,divorced,secondary,no,1433.26,no,no,unknown,1,apr,1423,4,-1,3,unknown,0.6691,1,0.4196
CIF000357,27,entrepreneur,divorced,tertiary,no,-2000.0,no,no,telephone,21,jan,1755,2,-1,5,unknown,0.435,0,0.1444
CIF000358,73,admin.,divorced,secondary,no,2186.31,no,no,telephone,28,jan,1062,1,27,3,other,0.4477,1,0.7544
CIF000359,23,blue-collar,single,primary,no,4402.4,yes,no,telephone,4,mar,1212,4,-1,3,other,0.7014,1,0.0202
CIF000360,64,admin.,single,unknown,no,2378.8,yes,no,telephone,23,aug,263,4,-1,4,unknown,0.0609,1,0.2747
CIF000361,70,student,married,primary,no,-2000.0,yes,yes,cellular,2,jun,1534,1,-1,5,unknown,0.5401,0,0.5381
CIF000362,73,admin.,married,primary,no,1128.57,yes,no,unknown,13,sep,1346,2,-1,0,success,0.5473,1,0.4378
CIF000363,31,entrepreneur,divorced,unknown,no,3726.09,yes,no,telephone,25,mar,457,1,-1,5,other,0.7568,1,0.6202
CIF000364,73,student,single,unknown,no,-2000.0,yes,no,unknown,30,mar,638,5,-1,4,other,0.9826,1,0.3813
CIF000365,25,student,single,tertiary,no,-1724.3,yes,no,unknown,22,may,1099,3,-1,5,unknown,0.7958,1,0.3906
CIF000366,50,entrepreneur,single,tertiary,no,4129.63,no,no,unknown,22,oct,23,1,-1,4,failure,0.5038,0,0.3487
CIF000367,47,entrepreneur,married,secondary,no,2310.29,yes,no,unknown,8,jul,1472,2,-1,5,unknown,0.1695,1,0.8873
CIF000368,37,management,divorced,tertiary,no,2735.91,yes,no,unknown,25,oct,505,7,-1,1,unknown,0.5883,1,0.0173
CIF000369,19,retired,divorced,tertiary,no,7078.48,yes,no,cellular,20,feb,134,2,-1,1,success,0.8343,0,0.9396
CIF000370,65,retired,divorced,tertiary,no,2905.66,yes,no,cellular,29,may,595,5,-1,1,failure,0.9324,1,0.3582
CIF000371,38,management,single,tertiary,no,3473.66,yes,no,unknown,19,jun,1504,4,3,1,success,0.8253,1,0.3649
CIF000372,59,entrepreneur,divorced,tertiary,no,9632.24,no,no,cellular,2,jan,493,2,-1,1,failure,0.189,1,0.7259
CIF000373,43,entrepreneur,single,unknown,no,858.59,no,no,unknown,16,apr,970,3,-1,2,success,0.7126,1,0.3883
CIF000374,41,management,single,tertiary,no,-893.65,yes,yes,cellular,24,apr,1461,1,-1,1,success,0.8802,1,0.6166
CIF000375,72,student,married,secondary,no,2783.39,yes,no,unknown,24,jun,60,6,12,0,unknown,0.681,1,0.9036
CIF000376,23,admin.,divorced,tertiary,no,2816.97,yes,no,telephone,12,feb,1367,3,-1,3,unknown,0.6858,1,0.8462
CIF000377,63,retired,married,primary,no,-80.15,no,yes,cellular,6,apr,519,4,8,4,failure,0.5002,1,0.5154
CIF000378,64,entrepreneur,divorced,primary,no,-1597.19,yes,no,telephone,27,dec,1251,2,-1,0,unknown,0.637,1,0.7167
CIF000379,41,admin.,single,unknown,no,8429.53,yes,no,cellular,25,feb,338,6,-1,3,unknown,0.2944,1,0.3924
CIF000380,34,admin.,married,tertiary,no,2480.53,no,no,cellular,27,oct,250,2,3,3,failure,0.0888,1,0.776
CIF000381,18,entrepreneur,single,primary,no,-696.86,yes,no,telephone,21,jul,1418,4,-1,4,failure,0.8277,0,0.1702
CIF000382,76,blue-collar,married,secondary,no,4247.79,no,no,telephone,25,jan,1454,7,-1,0,failure,0.9431,1,0.0456
CIF000383,76,admin.,single,unknown,no,1172.56,no,no,cellular,13,may,1766,5,26,4,unknown,0.8568,1,0.5407
CIF000384,32,blue-collar,married,tertiary,no,741.36,yes,no,cellular,24,jul,1218,5,-1,0,unknown,0.3339,1,0.2153
CIF000385,19,student,divorced,unknown,no,3186.82,no,no,telephone,15,apr,838,7,-1,1,other,0.0935,1,0.7287
CIF000386,25,retired,single,tertiary,no,-2000.0,yes,no,telephone,24,apr,350,2,-1,1,success,0.2801,0,0.1013
CIF000387,22,blue-collar,single,primary,no,2557.88,yes,no,telephone,5,sep,531,7,-1,5,failure,0.8428,1,0.0085
CIF000388,69,retired,divorced,primary,no,7238.86,no,no,unknown,9,jan,1166,4,9,1,unknown,0.6558,1,0.6757
CIF000389,73,entrepreneur,single,primary,no,2898.53,no,no,telephone,7,dec,622,3,-1,4,failure,0.9667,1,0.5008
CIF000390,27,retired,single,tertiary,no,371.36,yes,yes,cellular,13,apr,870,2,23,5,other,0.3427,0,0.952
CIF000391,64,blue-collar,married,unknown,no,-21.32,yes,yes,unknown,25,may,302,6,-1,5,other,0.5515,0,0.2475
CIF000392,29,admin.,single,secondary,no,268.98,no,no,unknown,4,feb,790,7,25,1,other,0.79,1,0.1233
CIF000393,40,blue-collar,divorced,tertiary,no,738.11,yes,no,cellular,22,nov,428,5,12,0,unknown,0.234,1,0.0231
CIF000394,55,student,divorced,tertiary,no,366.58,yes,no,unknown,25,mar,201,1,23,1,failure,0.9641,1,0.4442
CIF000395,62,management,single,tertiary,no,4248.93,yes,no,unknown,21,oct,237,4,-1,4,unknown,0.5924,1,0.1008
CIF000396,72,admin.,married,tertiary,no,-2000.0,no,no,telephone,20,apr,932,6,-1,1,other,0.0079,0,0.7756
CIF000397,20,student,divorced,secondary,no,4086.0,yes,no,unknown,5,jan,659,3,-1,3,unknown,0.0252,1,0.072
CIF000398,30,retired,married,tertiary,no,360.94,no,no,unknown,19,may,179,6,-1,2,success,0.8822,0,0.9208
CIF000399,35,management,married,secondary,no,2630.84,no,no,unknown,7,jul,925,5,-1,4,failure,0.6453,1,0.5409
CIF000400,37,retired,divorced,tertiary,no,-1880.96,yes,no,unknown,8,jun,295,1,4,3,success,0.7631,1,0.6964
CIF000401,79,blue-collar,divorced,unknown,no,5485.89,yes,no,cellular,26,dec,27,4,-1,3,other,0.784,1,0.1309
CIF000402,66,management,divorced,primary,no,5236.9,no,no,cellular,19,jul,238,2,13,4,failure,0.4205,1,0.0895
CIF000403,37,student,single,tertiary,no,4378.77,no,no,telephone,30,oct,807,4,-1,5,unknown,0.7986,1,0.3537
CIF000404,78,entrepreneur,divorced,primary,no,-2000.0,yes,no,unknown,14,may,1717,3,24,2,success,0.9375,1,0.5204
CIF000405,48,admin.,divorced,secondary,no,3987.36,no,yes,telephone,11,feb,435,6,-1,3,success,0.1722,1,0.5755
CIF000406,49,retired,married,tertiary,no,2714.57,no,no,cellular,30,jun,512,7,-1,3,unknown,0.7641,1,0.3298
CIF000407,44,retired,divorced,secondary,no,-2000.0,no,no,unknown,19,jul,436,4,11,4,unknown,0.3078,1,0.2727
CIF000408,26,retired,divorced,primary,no,1427.11,no,no,telephone,26,jun,639,4,12,2,success,0.3215,0,0.9814
CIF000409,75,management,married,secondary,no,2593.6,yes,no,unknown,2,oct,1291,5,4,2,success,0.4128,1,0.2727
CIF000410,18,admin.,divorced,primary,no,3168.23,yes,no,telephone,16,dec,579,5,26,5,unknown,0.8637,1,0.1379
CIF000411,28,admin.,single,tertiary,no,2031.78,no,no,unknown,25,jan,1183,5,-1,5,success,0.0221,1,0.3595
CIF000412,32,retired,divorced,primary,no,2373.69,yes,no,unknown,25,jan,1616,6,13,3,failure,0.4339,1,0.3039
CIF000413,35,student,single,secondary,no,5920.83,yes,no,telephone,22,apr,1703,7,-1,0,unknown,0.68,1,0.4217
CIF000414,26,admin.,married,secondary,no,5178.1,yes,no,unknown,5,aug,1013,6,-1,1,success,0.1104,0,0.6237
CIF000415,19,management,married,unknown,no,-2000.0,yes,no,cellular,17,jan,1283,1,-1,2,success,0.7923,0,0.6031
CIF000416,60,management,single,unknown,no,547.68,yes,no,unknown,4,mar,1654,4,-1,4,unknown,0.9419,1,0.6983
CIF000417,78,entrepreneur,divorced,primary,no,1006.05,no,no,telephone,25,may,1416,4,-1,4,success,0.0909,1,0.1567
CIF000418,25,management,divorced,primary,no,-2000.0,no,yes,unknown,19,may,539,4,5,4,unknown,0.1529,0,0.0459
CIF000419,36,student,married,tertiary,no,1782.55,no,no,cellular,6,nov,237,4,-1,0,success,0.9741,1,0.7908
CIF000420,49,retired,divorced,secondary,no,5246.27,no,no,telephone,22,jul,206,6,23,2,other,0.1979,1,0.2172
CIF000421,75,admin.,single,tertiary,no,-1759.7,yes,yes,cellular,22,nov,1587,3,-1,4,other,0.0789,1,0.3157
CIF000422,61,entrepreneur,single,unknown,no,2509.2,no,no,cellular,2,oct,1001,2,-1,5,failure,0.9522,1,0.4557
CIF000423,65,student,married,primary,no,-1247.47,no,no,telephone,3,may,533,4,-1,0,failure,0.8926,1,0.7163
CIF000424,54,blue-collar,single,unknown,no,-515.74,yes,no,cellular,7,dec,621,6,-1,5,unknown,0.6557,1,0.1636
CIF000425,43,student,single,primary,no,5932.18,yes,no,cellular,3,nov,507,3,-1,0,other,0.5514,1,0.9024
CIF000426,30,entrepreneur,divorced,primary,no,-127.67,no,no,telephone,17,jun,1443,1,-1,1,failure,0.9192,0,0.3215
CIF000427,71,management,single,tertiary,no,2886.64,yes,no,unknown,27,nov,1102,7,-1,5,other,0.6555,1,0.9827
CIF000428,67,blue-collar,single,unknown,no,-2000.0,no,yes,unknown,2,apr,1582,2,-1,4,other,0.6584,1,0.2854
CIF000429,19,student,single,tertiary,no,7086.95,no,no,cellular,19,mar,543,5,4,5,failure,0.8437,1,0.7257
CIF000430,62,management,single,primary,no,3307.96,yes,no,cellular,13,oct,850,6,-1,3,success,0.6532,1,0.3767
CIF000431,23,management,single,primary,no,952.5,yes,no,telephone,26,oct,219,2,11,3,failure,0.5037,0,0.8366
CIF000432,63,entrepreneur,married,unknown,no,3226.64,no,no,telephone,15,mar,1748,3,10,3,success,0.3897,1,0.4624
CIF000433,69,admin.,divorced,tertiary,no,-2000.0,yes,no,cellular,21,oct,921,2,-1,3,unknown,0.5031,0,0.8705
CIF000434,26,retired,married,primary,no,5047.59,yes,no,cellular,28,jul,995,2,-1,3,other,0.5225,1,0.7539
CIF000435,44,blue-collar,divorced,tertiary,no,528.05,yes,no,cellular,5,jul,744,2,-1,1,unknown,0.3608,1,0.586
CIF000436,25,blue-collar,divorced,secondary,no,887.79,no,yes,telephone,10,nov,487,2,-1,5,success,0.4481,0,0.25
CIF000437,53,retired,divorced,primary,no,25.03,no,no,telephone,9,feb,1707,4,-1,2,other,0.8019,1,0.2599
CIF000438,75,blue-collar,married,primary,no,-241.95,no,no,telephone,6,may,880,4,24,3,other,0.4165,0,0.9914
CIF000439,23,retired,married,unknown,no,3584.01,no,no,telephone,20,apr,1214,1,-1,4,other,0.0256,0,0.9254
CIF000440,42,entrepreneur,married,tertiary,no,2267.72,no,no,cellular,1,jul,67,6,-1,3,success,0.283,1,0.1384
CIF000441,78,retired,single,primary,no,3455.24,yes,no,unknown,12,feb,496,5,-1,3,other,0.2317,1,0.2041
CIF000442,36,admin.,divorced,primary,no,1473.62,no,no,cellular,4,feb,1447,1,-1,0,other,0.7936,1,0.1068
CIF000443,26,retired,divorced,secondary,no,3039.6,yes,no,telephone,19,sep,158,6,-1,1,failure,0.4493,0,0.2013
CIF000444,48,blue-collar,divorced,secondary,no,243.45,yes,no,cellular,23,jan,182,1,-1,2,success,0.2803,0,0.2902
CIF000445,49,student,divorced,secondary,no,8189.2,no,no,telephone,15,jun,1457,4,29,2,failure,0.8107,1,0.8376
CIF000446,59,entrepreneur,married,tertiary,no,-2000.0,no,no,telephone,14,dec,555,4,-1,5,failure,0.0192,0,0.0952
CIF000447,37,admin.,divorced,primary,no,5282.81,yes,no,telephone,14,dec,492,4,-1,5,other,0.1743,1,0.8821
CIF000448,77,entrepreneur,married,primary,no,5603.72,yes,no,unknown,6,mar,1017,7,-1,4,unknown,0.827,1,0.9719
CIF000449,50,admin.,divorced,tertiary,no,-1056.48,no,no,telephone,12,dec,350,7,-1,2,unknown,0.5507,1,0.2817
CIF000450,35,blue-collar,divorced,unknown,no,8187.82,yes,yes,cellular,28,may,77,2,18,0,unknown,0.7736,1,0.4562
CIF000451,77,retired,divorced,primary,no,4486.47,no,no,telephone,2,mar,8,5,21,4,unknown,0.8382,1,0.5293
CIF000452,75,management,single,secondary,no,4413.42,no,no,telephone,24,jul,142,7,18,5,success,0.942,1,0.2057
CIF000453,48,retired,single,tertiary,no,1584.07,yes,no,unknown,5,jun,285,6,-1,2,other,0.0634,1,0.7316
CIF000454,19,student,single,primary,no,848.32,yes,no,telephone,4,may,1253,7,-1,4,other,0.7992,1,0.58
CIF000455,55,entrepreneur,single,unknown,no,871.77,yes,no,unknown,9,jun,536,4,5,5,other,0.7088,1,0.1122
CIF000456,52,management,single,primary,no,2671.59,yes,no,telephone,9,feb,129,2,-1,3,other,0.207,0,0.896
CIF000457,27,admin.,single,tertiary,no,5703.56,no,no,telephone,10,apr,25,4,-1,1,failure,0.9317,0,0.3022
CIF000458,57,blue-collar,married,secondary,no,2043.94,no,no,cellular,26,mar,858,6,-1,0,other,0.4042,1,0.1562
CIF000459,70,retired,single,tertiary,no,-1234.33,yes,no,cellular,28,dec,1512,7,-1,4,failure,0.8876,1,0.9819
CIF000460,24,admin.,divorced,primary,no,3973.28,yes,no,cellular,21,jun,609,5,16,3,success,0.6051,1,0.1029
CIF000461,62,entrepreneur,divorced,primary,no,4263.45,yes,no,telephone,5,jul,114,5,-1,0,unknown,0.5267,1,0.0597
CIF000462,26,admin.,married,tertiary,yes,3463.98,no,yes,unknown,29,jun,410,4,26,0,other,0.1595,0,0.2376
CIF000463,64,student,married,unknown,no,3736.5,no,no,cellular,26,nov,898,3,-1,5,other,0.9143,1,0.3193
CIF000464,43,management,single,tertiary,no,687.22,yes,no,unknown,3,oct,339,3,-1,1,success,0.5567,0,0.4338
CIF000465,18,management,divorced,unknown,no,-1286.97,yes,no,unknown,12,sep,1761,4,-1,1,unknown,0.0061,0,0.6852
CIF000466,77,retired,married,secondary,no,-1104.58,no,no,telephone,24,apr,1374,6,-1,3,failure,0.0183,0,0.3657
CIF000467,28,blue-collar,married,primary,no,-2000.0,yes,yes,cellular,3,apr,620,4,-1,2,success,0.7776,1,0.5593
CIF000468,54,admin.,married,secondary,no,2210.85,yes,no,telephone,3,dec,1712,6,-1,5,failure,0.1619,1,0.0058
CIF000469,29,entrepreneur,married,unknown,no,1249.65,no,no,unknown,19,dec,585,1,-1,4,success,0.5987,1,0.3849
CIF000470,75,blue-collar,married,unknown,no,180.04,yes,no,cellular,11,apr,252,6,17,2,failure,0.6811,1,0.945
CIF000471,63,blue-collar,divorced,tertiary,no,-2000.0,yes,no,telephone,14,may,1688,4,-1,1,other,0.2794,1,0.7748
CIF000472,67,blue-collar,divorced,secondary,no,-2000.0,yes,no,cellular,23,apr,1727,7,-1,5,unknown,0.5693,1,0.7408
CIF000473,44,retired,single,tertiary,no,4862.52,no,no,telephone,17,oct,562,4,-1,3,failure,0.2403,1,0.3045
CIF000474,46,blue-collar,married,tertiary,no,-493.88,yes,no,cellular,22,dec,1070,4,9,5,unknown,0.9463,1,0.4882
CIF000475,57,admin.,divorced,tertiary,no,2581.78,no,no,cellular,4,nov,311,1,-1,2,success,0.8602,1,0.8445
CIF000476,66,student,married,unknown,yes,-2000.0,no,no,unknown,1,nov,1154,6,-1,0,failure,0.288,1,0.8802
CIF000477,70,admin.,married,tertiary,yes,5816.12,no,no,unknown,8,may,1242,5,-1,5,failure,0.5288,1,0.7105
CIF000478,19,blue-collar,married,primary,no,1067.92,yes,no,cellular,7,apr,1277,7,-1,1,unknown,0.5006,0,0.4565
CIF000479,59,entrepreneur,single,primary,no,2370.12,no,no,telephone,10,nov,1023,1,-1,5,other,0.96,1,0.0732
CIF000480,24,admin.,divorced,tertiary,no,8477.34,no,no,cellular,24,may,1267,2,-1,4,unknown,0.394,0,0.1194
CIF000481,35,student,single,unknown,no,6049.32,no,no,telephone,5,mar,999,7,28,1,other,0.5622,1,0.0003
CIF000482,69,entrepreneur,single,unknown,no,580.3,no,no,cellular,4,nov,1475,1,-1,4,other,0.9287,1,0.3592
CIF000483,33,retired,single,tertiary,no,-279.66,no,no,unknown,7,jun,323,4,-1,0,other,0.1628,0,0.0234
CIF000484,67,admin.,divorced,tertiary,no,523.36,no,no,cellular,10,feb,870,3,-1,2,failure,0.5505,1,0.435
CIF000485,46,management,divorced,unknown,no,3029.69,yes,no,telephone,6,nov,749,7,-1,2,success,0.1057,1,0.5975
CIF000486,32,admin.,single,unknown,no,1184.33,yes,no,telephone,6,apr,960,6,-1,3,other,0.6175,1,0.5959
CIF000487,38,blue-collar,single,primary,no,314.27,yes,no,cellular,18,apr,255,7,-1,3,unknown,0.3657,0,0.5553
CIF000488,50,entrepreneur,single,secondary,no,5901.54,yes,no,telephone,4,jul,582,3,-1,3,unknown,0.9676,1,0.2262
CIF000489,65,student,divorced,secondary,no,1157.37,no,no,cellular,5,apr,1717,5,-1,2,unknown,0.4154,1,0.5192
CIF000490,55,blue-collar,single,tertiary,yes,8398.77,no,yes,telephone,26,oct,189,5,-1,4,other,0.1362,1,0.9798
CIF000491,75,retired,divorced,secondary,no,1772.23,no,no,telephone,1,sep,1143,7,21,0,unknown,0.834,1,0.4446
CIF000492,71,admin.,married,secondary,no,6855.96,yes,yes,telephone,2,jul,1196,1,-1,4,other,0.8209,1,0.8745
CIF000493,64,blue-collar,divorced,primary,no,2571.96,no,yes,telephone,3,mar,854,7,-1,0,other,0.6949,1,0.3814
CIF000494,55,management,divorced,primary,no,4388.88,yes,no,telephone,17,jun,60,3,25,0,other,0.7488,1,0.623
CIF000495,35,entrepreneur,divorced,secondary,no,-673.83,no,no,unknown,21,apr,61,1,11,4,success,0.2647,0,0.4818
CIF000496,43,management,divorced,unknown,no,-1061.28,no,no,unknown,21,dec,496,5,-1,0,success,0.6421,1,0.6886
CIF000497,25,retired,single,secondary,no,2879.12,yes,no,cellular,21,oct,184,6,14,4,success,0.038,0,0.8974
CIF000498,41,admin.,married,primary,no,4465.66,no,no,cellular,2,feb,169,1,-1,0,success,0.1969,1,0.4409
CIF000499,75,retired,single,secondary,no,1620.77,yes,no,cellular,11,jul,288,1,-1,0,other,0.9323,1,0.7574
CIF000500,44,student,single,unknown,no,-2000.0,yes,no,cellular,20,oct,343,7,14,5,failure,0.7392,1,0.8825
CIF000501,25,retired,married,tertiary,no,-2000.0,yes,no,unknown,21,jul,1509,7,6,1,other,0.2307,0,0.7895
CIF000502,58,blue-collar,married,tertiary,no,-2000.0,yes,no,unknown,11,feb,1149,2,-1,5,failure,0.1114,0,0.0246
CIF000503,77,entrepreneur,married,primary,yes,-2000.0,yes,no,telephone,26,feb,54,7,-1,2,unknown,0.9489,0,0.0002
CIF000504,71,student,single,unknown,yes,1828.46,no,no,unknown,26,sep,1131,7,-1,4,other,0.1122,1,0.883
CIF000505,34,retired,married,primary,no,4875.13,no,no,telephone,23,jul,246,7,-1,5,success,0.2571,1,0.7293
CIF000506,46,student,divorced,unknown,no,1459.75,yes,yes,telephone,24,jul,757,2,26,0,unknown,0.1826,1,0.9581
CIF000507,50,student,married,unknown,yes,-2000.0,no,no,unknown,30,apr,68,5,-1,1,unknown,0.0075,0,0.2925
CIF000508,33,entrepreneur,divorced,tertiary,no,927.72,no,no,cellular,24,apr,162,7,-1,3,unknown,0.3141,0,0.788
CIF000509,34,admin.,divorced,unknown,no,1011.6,no,no,cellular,18,may,238,7,-1,5,success,0.9742,1,0.8015
CIF000510,32,blue-collar,single,unknown,no,7788.0,yes,no,cellular,12,jul,780,5,-1,1,other,0.3419,1,0.8573
CIF000511,79,blue-collar,single,tertiary,no,-2000.0,yes,no,cellular,11,jun,833,2,-1,1,failure,0.5043,0,0.692
CIF000512,64,student,divorced,unknown,no,327.97,no,no,cellular,25,nov,634,1,27,2,unknown,0.7459,1,0.1383
CIF000513,70,blue-collar,married,tertiary,no,6617.56,yes,no,unknown,9,mar,1116,2,-1,1,other,0.5511,1,0.6809
CIF000514,68,entrepreneur,divorced,tertiary,no,2849.94,no,no,unknown,19,jun,1296,1,-1,1,success,0.7436,1,0.6045
CIF000515,77,student,single,secondary,no,3189.94,yes,no,telephone,16,mar,1311,2,-1,0,success,0.6616,1,0.3337
CIF000516,24,admin.,married,tertiary,no,1843.75,no,no,telephone,12,jan,1042,1,-1,4,unknown,0.6086,1,0.2086
CIF000517,72,management,divorced,secondary,no,2489.83,yes,no,cellular,14,may,982,6,-1,4,success,0.6496,1,0.8851
CIF000518,22,management,single,primary,no,3832.83,yes,no,cellular,3,jan,884,5,-1,0,failure,0.7992,1,0.1419
CIF000519,47,student,married,secondary,no,-928.46,yes,no,telephone,22,may,428,4,-1,3,unknown,0.7102,1,0.4222
CIF000520,54,entrepreneur,single,primary,no,4134.18,no,no,cellular,3,aug,876,6,-1,3,failure,0.7918,1,0.6228
CIF000521,40,management,single,unknown,no,-2000.0,yes,no,unknown,3,may,18,3,18,3,unknown,0.1456,0,0.9718
CIF000522,27,student,divorced,secondary,no,2485.1,no,yes,cellular,8,sep,1739,3,-1,5,failure,0.6777,1,0.671
CIF000523,29,student,single,unknown,no,2036.22,yes,yes,unknown,16,apr,666,2,-1,3,other,0.737,1,0.3049
CIF000524,69,retired,divorced,secondary,no,-348.88,no,no,cellular,9,may,1361,4,-1,4,other,0.3,1,0.0607
CIF000525,37,retired,divorced,secondary,no,1431.94,yes,no,cellular,27,nov,1722,2,-1,0,success,0.8746,1,0.3177
CIF000526,37,student,married,primary,no,-367.62,yes,no,telephone,28,mar,894,5,23,0,other,0.3047,0,0.2928
CIF000527,75,student,single,unknown,no,-1715.1,no,no,cellular,12,jul,1551,7,-1,3,other,0.2438,0,0.8191
CIF000528,26,retired,married,tertiary,yes,439.16,no,yes,telephone,30,sep,862,4,-1,5,unknown,0.8671,1,0.3766
CIF000529,74,blue-collar,single,secondary,no,-1811.97,yes,no,cellular,3,may,238,3,-1,2,failure,0.247,1,0.0984
CIF000530,75,management,married,tertiary,no,2468.39,no,no,unknown,5,apr,47,5,23,3,failure,0.4155,1,0.87
CIF000531,55,blue-collar,single,unknown,no,-1950.26,yes,no,telephone,11,sep,244,6,-1,1,success,0.3679,1,0.0181
CIF000532,28,management,married,tertiary,no,3635.93,no,no,unknown,29,jan,1696,4,-1,2,other,0.8981,1,0.003
CIF000533,27,entrepreneur,single,secondary,no,-2000.0,no,no,telephone,16,apr,855,2,-1,4,other,0.4552,0,0.4748
CIF000534,35,student,single,unknown,no,-198.88,yes,no,unknown,22,may,574,5,-1,3,unknown,0.6943,1,0.0692
CIF000535,53,management,divorced,unknown,yes,-373.81,yes,no,telephone,20,mar,802,2,18,0,success,0.794,1,0.1771
CIF000536,27,student,divorced,unknown,yes,5475.44,no,no,unknown,15,jul,460,7,-1,5,unknown,0.6279,1,0.9853
CIF000537,46,retired,single,primary,no,2490.87,no,no,unknown,28,aug,1566,3,-1,5,failure,0.9437,1,0.8444
CIF000538,25,student,single,unknown,no,864.8,no,no,unknown,29,dec,1798,3,-1,2,failure,0.8025,1,0.764
CIF000539,51,blue-collar,divorced,primary,no,2996.16,yes,no,unknown,14,aug,152,6,16,2,success,0.4002,0,0.6708
CIF000540,19,retired,divorced,tertiary,no,-2000.0,yes,no,unknown,22,aug,1293,1,-1,3,other,0.9508,1,0.0478
CIF000541,61,blue-collar,married,tertiary,no,1370.6,yes,no,unknown,19,sep,604,2,-1,4,other,0.5246,1,0.8359
CIF000542,21,management,single,primary,no,7492.54,yes,no,cellular,18,mar,85,1,28,2,failure,0.0226,0,0.4712
CIF000543,30,entrepreneur,divorced,primary,no,1897.04,no,no,cellular,4,jun,1659,3,-1,0,success,0.26,0,0.0983
CIF000544,28,blue-collar,married,unknown,no,1703.74,yes,no,cellular,7,oct,111,4,15,0,unknown,0.6217,1,0.3008
CIF000545,69,student,married,unknown,no,3144.39,yes,no,telephone,30,mar,370,2,6,4,unknown,0.1568,1,0.502
CIF000546,21,student,divorced,primary,no,4186.82,no,no,cellular,8,apr,45,3,-1,4,other,0.5841,0,0.0137
CIF000547,44,management,divorced,tertiary,no,-2000.0,yes,yes,cellular,20,mar,848,6,-1,4,other,0.3616,0,0.2524
CIF000548,54,admin.,single,primary,no,-2000.0,yes,no,telephone,28,dec,1079,7,-1,0,other,0.5344,1,0.3359
CIF000549,49,blue-collar,single,tertiary,no,2130.87,no,no,cellular,19,may,577,1,2,1,failure,0.0019,1,0.4638
CIF000550,60,blue-collar,single,secondary,no,-644.63,yes,no,unknown,7,apr,128,5,2,2,success,0.8484,0,0.002
CIF000551,67,student,single,unknown,no,5436.08,yes,yes,unknown,26,oct,209,1,25,1,unknown,0.3619,1,0.5654
CIF000552,42,entrepreneur,divorced,tertiary,no,554.48,yes,yes,cellular,1,nov,1680,4,-1,2,success,0.1402,0,0.1976
CIF000553,69,admin.,divorced,secondary,no,-2000.0,no,no,telephone,22,jan,1450,7,-1,3,failure,0.4379,0,0.5973
CIF000554,37,management,single,tertiary,no,-2000.0,yes,no,unknown,8,nov,1686,6,-1,1,other,0.4862,0,0.2392
CIF000555,79,student,married,secondary,no,-2000.0,yes,no,cellular,20,sep,955,2,-1,0,failure,0.6374,1,0.4027
CIF000556,49,management,married,primary,no,797.62,yes,no,unknown,15,nov,982,2,-1,2,success,0.5246,1,0.6236
CIF000557,63,entrepreneur,married,tertiary,yes,934.85,yes,no,telephone,18,feb,1414,6,9,4,success,0.0435,1,0.6566
CIF000558,72,blue-collar,single,unknown,no,226.61,yes,no,telephone,12,jan,1109,6,-1,3,other,0.8715,1,0.0306
CIF000559,67,student,single,secondary,no,4736.64,no,no,cellular,16,may,785,2,-1,1,unknown,0.4565,1,0.5351
CIF000560,70,admin.,divorced,primary,no,5095.56,no,yes,telephone,29,nov,525,1,-1,1,failure,0.077,1,0.8166
CIF000561,51,student,divorced,primary,no,988.83,no,no,telephone,25,jun,873,4,-1,3,failure,0.7728,1,0.2064
CIF000562,20,blue-collar,single,secondary,no,-2000.0,yes,no,cellular,13,sep,115,5,21,1,unknown,0.6602,0,0.532
CIF000563,48,admin.,married,unknown,no,3351.84,yes,yes,unknown,29,mar,346,4,-1,5,other,0.6494,1,0.4476
CIF000564,29,entrepreneur,divorced,secondary,no,3166.08,yes,no,telephone,27,may,1327,7,-1,5,other,0.4269,0,0.8499
CIF000565,73,admin.,divorced,unknown,no,2428.17,yes,no,unknown,19,nov,1562,6,-1,0,unknown,0.4105,1,0.4388
CIF000566,32,admin.,single,secondary,no,4444.44,yes,no,cellular,18,jun,183,6,-1,5,success,0.5363,1,0.9438
CIF000567,32,blue-collar,married,secondary,no,-1994.48,no,no,unknown,2,oct,174,1,-1,0,other,0.0506,0,0.6524
CIF000568,33,retired,single,unknown,no,7526.27,no,no,telephone,16,aug,154,6,20,2,failure,0.299,1,0.5614
CIF000569,57,retired,single,tertiary,no,-1378.28,no,no,telephone,7,mar,1424,6,21,4,success,0.9879,1,0.2919
CIF000570,53,blue-collar,divorced,primary,no,3747.67,no,no,cellular,5,dec,560,3,-1,1,success,0.6622,1,0.5965
CIF000571,76,management,single,primary,no,-2000.0,yes,no,unknown,26,dec,588,5,-1,1,unknown,0.4189,1,0.1312
CIF000572,43,entrepreneur,single,primary,no,-1290.79,yes,no,cellular,9,oct,22,6,-1,0,other,0.2224,0,0.4162
CIF000573,35,entrepreneur,single,unknown,no,6049.11,no,no,unknown,19,jun,1750,7,-1,4,other,0.7452,1,0.2844
CIF000574,21,entrepreneur,single,primary,no,717.3,yes,no,telephone,27,jun,781,4,-1,0,failure,0.2603,0,0.6703
CIF000575,18,student,married,primary,yes,4019.77,no,no,telephone,18,apr,1435,1,1,2,failure,0.1624,1,0.764
CIF000576,41,management,married,unknown,no,2210.87,no,no,telephone,24,aug,1273,5,-1,2,other,0.1545,1,0.9286
CIF000577,75,management,divorced,tertiary,no,1185.13,yes,no,cellular,24,apr,255,5,2,5,other,0.7293,1,0.2221
CIF000578,50,student,single,unknown,no,5591.55,yes,no,telephone,14,mar,1442,1,-1,5,unknown,0.6428,1,0.8848
CIF000579,73,management,divorced,primary,no,790.02,no,no,cellular,28,jan,990,6,-1,4,failure,0.0698,0,0.846
CIF000580,24,admin.,single,tertiary,no,-2000.0,no,no,unknown,28,jun,1087,2,-1,4,success,0.115,0,0.8624
CIF000581,23,blue-collar,divorced,primary,no,-909.72,no,no,telephone,11,oct,360,7,-1,3,unknown,0.6338,1,0.7405
CIF000582,69,entrepreneur,married,tertiary,no,3153.58,no,yes,cellular,25,oct,1524,4,-1,2,other,0.5711,1,0.2677
CIF000583,24,admin.,married,primary,no,2686.53,no,no,cellular,6,nov,1677,3,14,0,unknown,0.686,1,0.8779
CIF000584,21,retired,single,unknown,no,-2000.0,yes,yes,unknown,4,aug,731,1,-1,5,other,0.178,0,0.5995
CIF000585,43,entrepreneur,divorced,secondary,no,-673.03,no,no,cellular,16,nov,166,1,-1,2,unknown,0.7266,0,0.7406
CIF000586,75,admin.,married,secondary,no,-245.16,yes,no,cellular,19,oct,1527,6,-1,2,other,0.9361,1,0.2053
CIF000587,60,entrepreneur,single,unknown,no,403.59,no,no,cellular,18,oct,1597,3,-1,0,unknown,0.6011,1,0.1574
CIF000588,24,retired,married,primary,yes,-2000.0,no,no,cellular,24,jul,911,6,-1,1,success,0.1961,0,0.2769
CIF000589,69,student,divorced,unknown,no,-385.11,no,no,cellular,12,feb,1042,2,-1,3,failure,0.6795,1,0.5114
CIF000590,70,student,single,tertiary,yes,-685.83,no,yes,unknown,25,may,401,7,-1,2,failure,0.3431,1,0.4166
CIF000591,67,student,single,tertiary,no,3814.6,no,no,cellular,28,nov,121,7,-1,3,unknown,0.0493,1,0.8876
CIF000592,73,management,married,secondary,no,3927.36,no,no,unknown,3,sep,1699,1,4,1,success,0.3023,1,0.013
CIF000593,32,student,married,unknown,no,1062.57,yes,yes,unknown,14,jan,869,5,7,0,success,0.9056,1,0.08
CIF000594,78,student,single,secondary,no,323.88,yes,yes,telephone,7,feb,494,7,-1,5,failure,0.4111,1,0.3254
CIF000595,37,management,single,secondary,no,1919.77,no,no,cellular,20,aug,1247,3,-1,2,failure,0.8647,1,0.1677
CIF000596,67,entrepreneur,divorced,secondary,no,-949.73,yes,no,unknown,13,dec,47,1,-1,2,success,0.5087,0,0.4068
CIF000597,53,student,married,secondary,no,-1940.5,yes,no,cellular,9,sep,143,7,-1,1,success,0.517,0,0.7176
CIF000598,66,entrepreneur,married,secondary,no,-1320.66,yes,no,telephone,8,dec,436,4,-1,3,success,0.0052,0,0.9934
CIF000599,56,admin.,married,primary,no,-404.44,yes,yes,cellular,11,jan,811,1,-1,3,unknown,0.6371,1,0.2021
CIF000600,57,admin.,married,secondary,no,-1990.42,yes,yes,unknown,4,nov,660,6,-1,2,success,0.1078,0,0.266
CIF000601,56,management,married,secondary,no,1986.18,yes,no,telephone,4,feb,337,5,-1,5,failure,0.4787,1,0.7687
CIF000602,66,admin.,single,secondary,no,3689.15,no,no,cellular,19,nov,632,1,-1,5,failure,0.2603,1,0.272
CIF000603,63,admin.,married,unknown,no,-2000.0,yes,no,telephone,29,dec,601,2,2,1,failure,0.3924,1,0.7037
CIF000604,26,blue-collar,married,primary,no,1575.39,no,yes,unknown,16,jul,944,1,-1,3,failure,0.5371,1,0.5835
CIF000605,69,management,divorced,unknown,no,840.19,no,yes,unknown,28,jul,1012,7,-1,5,unknown,0.0145,1,0.8549
CIF000606,51,entrepreneur,single,unknown,no,2524.53,yes,no,unknown,5,jun,1589,1,-1,2,failure,0.2846,1,0.0333
CIF000607,38,management,divorced,primary,no,1461.18,no,yes,cellular,30,jul,1452,6,10,0,success,0.9896,1,0.9797
CIF000608,49,management,divorced,tertiary,no,-2000.0,yes,no,unknown,18,oct,526,4,9,0,unknown,0.0574,0,0.9643
CIF000609,77,student,married,primary,no,-2000.0,no,yes,telephone,23,apr,1624,5,-1,4,other,0.3194,0,0.0224
CIF000610,71,blue-collar,single,primary,no,1588.27,no,no,unknown,2,apr,937,6,-1,5,failure,0.3214,1,0.4995
CIF000611,69,entrepreneur,divorced,unknown,no,4586.34,no,no,telephone,19,dec,337,7,-1,0,success,0.3794,1,0.4014
CIF000612,46,management,single,primary,no,-2000.0,yes,no,telephone,12,nov,612,1,-1,3,unknown,0.6848,1,0.2542
CIF000613,66,blue-collar,divorced,secondary,no,2537.18,yes,no,cellular,27,jul,1335,1,-1,2,unknown,0.2477,1,0.9778
CIF000614,41,blue-collar,divorced,primary,no,5068.87,yes,no,telephone,24,mar,1479,1,-1,1,other,0.4603,1,0.1746
CIF000615,60,admin.,single,primary,no,1040.92,no,no,cellular,26,dec,673,5,-1,3,other,0.6449,1,0.2636
CIF000616,57,blue-collar,married,primary,no,3150.61,no,no,telephone,27,nov,283,4,18,5,unknown,0.3223,1,0.0082
CIF000617,33,blue-collar,single,unknown,no,-609.21,no,no,telephone,22,apr,345,1,-1,1,other,0.9488,1,0.5802
CIF000618,34,blue-collar,divorced,primary,no,1141.9,no,no,unknown,8,jul,186,2,-1,0,other,0.9797,1,0.8608
CIF000619,21,blue-collar,single,unknown,no,-2000.0,no,no,telephone,9,jun,1257,4,-1,2,unknown,0.1197,0,0.6219
CIF000620,26,retired,divorced,primary,no,-2000.0,yes,no,telephone,26,nov,905,6,-1,1,unknown,0.3438,0,0.6516
CIF000621,44,retired,single,unknown,no,4328.3,no,no,cellular,19,sep,812,3,-1,4,unknown,0.208,1,0.0663
CIF000622,47,management,single,unknown,yes,-1454.98,no,no,telephone,27,jun,1209,7,21,3,other,0.1868,1,0.7148
CIF000623,28,admin.,divorced,tertiary,no,133.42,no,no,telephone,24,dec,1491,7,10,0,other,0.491,0,0.409
CIF000624,43,retired,married,unknown,no,-2000.0,no,no,unknown,19,aug,1431,6,-1,2,success,0.5638,1,0.4737
CIF000625,55,admin.,single,secondary,no,-2000.0,no,no,cellular,5,jun,246,4,5,4,failure,0.4257,0,0.585
CIF000626,32,admin.,married,unknown,no,978.49,yes,no,cellular,30,dec,1061,7,-1,2,other,0.2726,1,0.9754
CIF000627,38,management,single,primary,no,-688.73,yes,no,telephone,8,jun,1588,6,-1,3,other,0.2786,1,0.7482
CIF000628,40,entrepreneur,divorced,tertiary,no,2633.91,yes,no,unknown,8,jun,1392,4,-1,1,other,0.9921,1,0.6839
CIF000629,49,blue-collar,divorced,unknown,no,2857.62,no,no,unknown,5,may,592,4,-1,1,failure,0.9237,1,0.4319
CIF000630,40,student,married,tertiary,no,2462.55,no,no,unknown,3,mar,706,6,-1,0,success,0.0759,1,0.0345
CIF000631,63,admin.,divorced,secondary,no,2215.8,no,no,telephone,12,apr,1602,4,-1,0,success,0.6566,1,0.5387
CIF000632,38,admin.,divorced,tertiary,no,6233.3,no,no,cellular,26,feb,59,2,-1,0,unknown,0.4569,0,0.6609
CIF000633,44,management,divorced,unknown,no,-1702.78,yes,no,telephone,26,sep,945,7,19,3,success,0.6888,1,0.7042
CIF000634,41,entrepreneur,single,unknown,no,1335.2,no,no,cellular,15,aug,208,1,-1,0,success,0.597,1,0.6079
CIF000635,29,retired,married,tertiary,no,4898.07,yes,no,unknown,10,dec,1610,5,13,3,success,0.8893,1,0.3004
CIF000636,60,admin.,single,tertiary,no,5293.62,no,no,unknown,11,aug,69,5,-1,5,failure,0.067,1,0.221
CIF000637,32,entrepreneur,divorced,unknown,no,-2000.0,no,no,telephone,28,jan,42,5,17,4,success,0.3496,0,0.0901
CIF000638,36,admin.,single,tertiary,no,562.93,yes,no,cellular,2,aug,592,1,-1,3,other,0.9855,1,0.7028
CIF000639,67,admin.,single,primary,no,5574.36,yes,no,cellular,2,mar,360,4,-1,0,success,0.1823,1,0.9708
CIF000640,76,entrepreneur,married,unknown,yes,3024.24,yes,no,unknown,2,jan,891,7,-1,2,other,0.1273,1,0.525
CIF000641,59,retired,single,primary,no,2085.79,yes,no,cellular,27,aug,539,2,20,5,other,0.729,1,0.6732
CIF000642,74,admin.,single,tertiary,no,846.95,no,no,cellular,3,jan,641,5,-1,2,failure,0.7774,1,0.6926
CIF000643,70,student,single,secondary,no,348.6,no,no,telephone,29,may,1016,7,-1,4,success,0.6723,1,0.1614
CIF000644,47,management,divorced,primary,no,2364.66,yes,no,cellular,6,nov,1009,7,6,4,success,0.7762,1,0.1918
CIF000645,65,entrepreneur,married,secondary,no,742.88,no,no,unknown,17,apr,1682,4,-1,1,other,0.6937,1,0.2082
CIF000646,38,student,married,primary,no,1372.26,no,yes,cellular,30,sep,865,3,17,0,failure,0.1358,1,0.9328
CIF000647,46,blue-collar,divorced,secondary,no,1735.8,no,no,unknown,4,may,1015,5,-1,0,unknown,0.6082,1,0.0156
CIF000648,51,blue-collar,divorced,secondary,no,-534.21,yes,no,unknown,9,feb,1220,4,-1,1,success,0.7769,1,0.5412
CIF000649,77,retired,married,secondary,no,3096.39,yes,yes,cellular,22,mar,313,5,-1,1,success,0.8655,1,0.3772
CIF000650,70,admin.,divorced,primary,no,10242.73,yes,no,telephone,25,jan,1200,6,-1,3,success,0.2462,1,0.6594
CIF000651,48,student,married,tertiary,no,-2000.0,yes,no,unknown,28,feb,1551,5,-1,3,success,0.1274,0,0.2205
CIF000652,58,retired,married,primary,no,2472.04,no,no,unknown,1,feb,572,2,-1,2,success,0.7811,1,0.9612
CIF000653,30,student,married,unknown,no,-780.57,yes,no,unknown,24,nov,321,6,-1,4,unknown,0.2565,0,0.3312
CIF000654,67,entrepreneur,single,primary,no,3232.21,no,no,unknown,10,oct,623,4,7,4,other,0.0319,1,0.9259
CIF000655,52,management,married,primary,no,1639.67,no,no,cellular,17,may,495,7,19,4,failure,0.8252,1,0.5892
CIF000656,51,student,married,secondary,no,3785.56,yes,no,telephone,28,sep,1053,5,-1,5,unknown,0.506,1,0.4145
CIF000657,65,admin.,divorced,secondary,no,5026.52,no,no,unknown,28,mar,1554,7,-1,2,other,0.3266,1,0.7339
CIF000658,57,blue-collar,single,unknown,no,2077.26,no,yes,cellular,6,aug,1073,7,-1,4,other,0.0114,1,0.5531
CIF000659,22,entrepreneur,single,tertiary,no,4896.16,yes,no,cellular,15,mar,225,7,16,2,success,0.0353,1,0.1386
CIF000660,35,management,divorced,secondary,no,-2000.0,no,no,cellular,9,aug,566,6,5,1,success,0.7926,1,0.7045
CIF000661,28,retired,married,unknown,no,6271.36,yes,yes,unknown,19,may,1240,5,-1,0,unknown,0.4897,1,0.5795
CIF000662,63,student,divorced,primary,no,2625.19,no,no,unknown,25,nov,594,1,-1,0,failure,0.1497,1,0.5656
CIF000663,20,entrepreneur,single,unknown,no,4733.53,yes,no,cellular,10,nov,1055,3,20,5,unknown,0.3585,1,0.7381
CIF000664,30,blue-collar,divorced,secondary,no,-2000.0,no,no,cellular,4,may,1249,4,15,1,failure,0.1653,0,0.6535
CIF000665,55,blue-collar,divorced,secondary,no,-992.31,yes,no,telephone,2,jan,592,6,-1,5,failure,0.1129,0,0.3662
CIF000666,61,retired,married,secondary,yes,1937.81,yes,no,unknown,2,apr,1165,5,12,4,unknown,0.2763,1,0.3185
CIF000667,49,entrepreneur,married,primary,no,1448.89,no,yes,unknown,11,apr,716,4,-1,2,success,0.5495,1,0.2508
CIF000668,71,management,single,tertiary,no,2349.21,no,no,unknown,29,jun,243,2,-1,5,success,0.21,1,0.5751
CIF000669,74,management,single,tertiary,no,4753.55,no,no,unknown,8,jul,669,6,6,5,failure,0.3437,1,0.2999
CIF000670,26,retired,married,tertiary,no,-2000.0,no,no,telephone,13,dec,793,4,-1,5,other,0.4779,0,0.1204
CIF000671,77,blue-collar,married,tertiary,no,4421.46,no,no,cellular,21,jan,4,1,-1,2,failure,0.42,1,0.7827
CIF000672,56,blue-collar,divorced,primary,no,1524.85,no,no,telephone,20,jul,1606,2,20,1,unknown,0.1286,1,0.2091
CIF000673,57,retired,divorced,unknown,no,888.65,no,no,telephone,9,mar,950,7,14,0,other,0.0389,1,0.1649
CIF000674,23,entrepreneur,married,tertiary,no,-2000.0,yes,no,unknown,4,jul,65,1,-1,5,unknown,0.0355,0,0.849
CIF000675,56,retired,divorced,tertiary,no,3009.15,yes,no,telephone,5,aug,1562,3,-1,5,unknown,0.3502,1,0.7021
CIF000676,62,admin.,married,primary,no,-2000.0,yes,yes,unknown,7,oct,1539,4,7,3,failure,0.7188,1,0.7662
CIF000677,54,blue-collar,single,unknown,no,3445.18,yes,no,cellular,3,jul,21,1,-1,0,success,0.1313,0,0.3504
CIF000678,23,student,married,tertiary,no,-2000.0,yes,yes,unknown,14,mar,293,2,28,4,failure,0.787,0,0.6174
CIF000679,50,student,single,secondary,no,1660.37,no,no,telephone,20,nov,654,7,-1,1,other,0.7157,1,0.9322
CIF000680,76,admin.,married,unknown,no,1142.49,yes,no,telephone,21,may,913,5,-1,3,failure,0.0039,1,0.2827
CIF000681,62,retired,married,tertiary,no,5008.61,no,no,unknown,28,jun,1306,2,-1,3,other,0.0267,1,0.069
CIF000682,26,admin.,married,unknown,no,964.03,yes,no,telephone,9,aug,763,2,13,0,success,0.195,0,0.1709
CIF000683,77,admin.,married,unknown,no,-582.42,yes,no,cellular,20,apr,1101,3,29,0,unknown,0.0561,1,0.8975
CIF000684,77,student,married,primary,no,-19.81,no,no,telephone,27,dec,18,6,-1,0,failure,0.5313,0,0.2815
CIF000685,28,admin.,single,unknown,no,5318.65,no,no,unknown,1,jan,1185,6,-1,5,unknown,0.0396,0,0.4913
CIF000686,67,blue-collar,divorced,tertiary,no,3108.89,no,no,unknown,24,feb,1647,2,7,5,other,0.8026,1,0.5346
CIF000687,43,admin.,married,primary,no,343.11,no,no,telephone,3,dec,947,6,-1,2,success,0.493,1,0.96
CIF000688,54,management,divorced,unknown,no,790.66,no,no,telephone,17,jun,818,7,-1,2,failure,0.728,1,0.3015
CIF000689,45,admin.,single,secondary,no,-2000.0,no,no,cellular,25,nov,534,2,19,2,success,0.7507,1,0.5214
CIF000690,66,blue-collar,married,unknown,no,2665.42,no,no,unknown,14,nov,1717,1,10,2,success,0.5068,1,0.9581
CIF000691,79,blue-collar,married,primary,no,-2000.0,no,no,telephone,17,dec,59,7,18,3,success,0.9254,0,0.2013
CIF000692,67,management,divorced,secondary,no,3755.39,yes,no,cellular,19,sep,516,4,-1,2,failure,0.9902,1,0.5979
CIF000693,75,entrepreneur,married,secondary,no,1885.86,no,yes,unknown,18,sep,249,6,-1,3,failure,0.3592,1,0.0636
CIF000694,76,blue-collar,single,secondary,no,8660.86,no,yes,unknown,22,aug,1559,3,20,2,failure,0.1259,1,0.263
CIF000695,23,entrepreneur,married,tertiary,no,-1800.41,yes,no,cellular,26,sep,868,3,-1,3,other,0.3632,0,0.0692
CIF000696,33,entrepreneur,divorced,primary,no,1192.01,yes,no,telephone,5,apr,1660,2,-1,5,failure,0.2234,1,0.3302
CIF000697,62,entrepreneur,divorced,tertiary,no,6894.86,no,no,unknown,13,oct,1197,2,19,1,failure,0.531,1,0.2064
CIF000698,54,management,married,primary,no,5074.17,no,no,unknown,26,mar,1002,4,-1,0,success,0.3784,1,0.7984
CIF000699,21,blue-collar,married,secondary,no,-588.64,no,no,cellular,12,jun,931,1,19,3,success,0.4804,0,0.4634
CIF000700,23,entrepreneur,single,tertiary,no,2171.9,no,yes,cellular,15,may,364,6,-1,0,other,0.7632,1,0.405
CIF000701,50,retired,single,secondary,no,1506.0,yes,yes,unknown,23,oct,1011,4,25,1,unknown,0.274,1,0.6923
CIF000702,56,blue-collar,single,secondary,no,2345.87,no,no,unknown,29,apr,1233,7,-1,4,unknown,0.5375,1,0.9472
CIF000703,28,blue-collar,single,tertiary,no,-596.04,no,no,unknown,8,mar,1737,4,-1,2,failure,0.3352,0,0.3015
CIF000704,28,admin.,married,primary,no,1232.04,no,no,telephone,29,oct,988,3,21,3,success,0.785,1,0.0668
CIF000705,26,retired,married,unknown,no,-2000.0,yes,no,unknown,22,jun,1689,4,-1,4,other,0.6395,1,0.1098
CIF000706,53,retired,single,unknown,no,1905.37,no,no,telephone,1,sep,1700,2,2,0,success,0.0085,1,0.8572
CIF000707,18,retired,divorced,unknown,no,2850.06,no,no,unknown,26,nov,940,6,-1,2,other,0.6601,1,0.8459
CIF000708,53,blue-collar,divorced,secondary,no,817.74,yes,no,cellular,12,nov,790,6,9,0,unknown,0.1702,0,0.4754
CIF000709,47,entrepreneur,single,secondary,no,-2000.0,yes,yes,cellular,9,may,256,2,20,2,success,0.7245,1,0.1476
CIF000710,46,blue-collar,divorced,unknown,no,4465.6,no,no,cellular,16,mar,483,5,-1,1,other,0.5673,1,0.5265
CIF000711,60,retired,single,tertiary,no,2593.58,yes,no,cellular,18,dec,1582,4,-1,5,success,0.4015,1,0.6684
CIF000712,50,entrepreneur,single,unknown,no,-678.05,yes,yes,cellular,17,apr,248,2,-1,1,failure,0.6941,1,0.3322
CIF000713,63,entrepreneur,single,primary,no,658.2,no,no,telephone,2,oct,714,1,25,1,other,0.8566,1,0.0825
CIF000714,65,entrepreneur,single,unknown,yes,-2000.0,yes,no,cellular,25,oct,1257,6,26,0,other,0.7787,1,0.3219
CIF000715,75,retired,married,tertiary,no,-1576.23,no,no,telephone,11,jun,433,2,26,0,failure,0.5454,1,0.6906
CIF000716,67,retired,divorced,unknown,no,-113.43,no,no,telephone,5,feb,1753,4,-1,1,success,0.7227,1,0.9784
CIF000717,50,retired,married,unknown,no,5185.26,yes,no,cellular,17,jun,1169,2,-1,1,other,0.4139,1,0.1901
CIF000718,48,entrepreneur,married,primary,no,-418.51,yes,yes,telephone,19,feb,51,5,6,4,unknown,0.789,1,0.9146
CIF000719,32,retired,single,primary,no,3420.64,no,no,unknown,4,may,444,1,6,5,unknown,0.8291,1,0.4566
CIF000720,55,student,married,primary,no,-114.95,no,no,telephone,29,may,1332,3,-1,5,success,0.1373,1,0.6632
CIF000721,26,management,married,tertiary,no,2243.84,no,no,cellular,19,jul,1553,4,-1,5,other,0.238,1,0.8637
CIF000722,75,retired,single,unknown,no,1075.81,no,no,unknown,30,mar,1668,4,-1,5,unknown,0.27,1,0.5575
CIF000723,70,student,married,primary,no,4119.17,no,yes,telephone,21,nov,1532,5,-1,2,success,0.1661,1,0.0615
CIF000724,25,student,married,primary,no,-104.43,no,no,telephone,1,jan,134,2,-1,2,success,0.3925,0,0.2658
CIF000725,66,blue-collar,single,secondary,no,-2000.0,no,no,cellular,7,dec,1313,4,-1,3,other,0.193,0,0.8029
CIF000726,25,retired,single,secondary,no,-2000.0,yes,no,cellular,30,apr,198,6,-1,1,other,0.5955,0,0.5529
CIF000727,62,entrepreneur,divorced,primary,no,-95.63,yes,no,cellular,17,jun,137,3,21,3,unknown,0.1016,0,0.3291
CIF000728,23,admin.,married,tertiary,no,-2000.0,yes,yes,unknown,4,nov,1245,2,5,5,success,0.2699,0,0.5833
CIF000729,48,entrepreneur,divorced,unknown,no,2730.64,no,no,cellular,3,aug,860,6,23,1,success,0.6655,1,0.2686
CIF000730,58,student,single,primary,no,102.7,yes,no,telephone,17,jan,1166,6,-1,4,failure,0.3985,1,0.241
CIF000731,63,student,single,primary,no,8623.82,yes,no,unknown,18,aug,1532,5,-1,5,unknown,0.4215,1,0.8284
CIF000732,43,retired,divorced,primary,no,-2000.0,yes,no,telephone,8,jul,123,6,-1,3,failure,0.7979,1,0.4001
CIF000733,75,student,married,primary,no,2110.9,yes,no,cellular,6,dec,949,6,-1,2,success,0.9845,1,0.274
CIF000734,66,management,divorced,secondary,no,-1883.86,no,no,unknown,19,jul,1501,6,-1,1,success,0.5651,0,0.4092
CIF000735,30,retired,married,primary,no,19.8,yes,no,cellular,14,dec,792,4,5,1,success,0.0791,0,0.9206
CIF000736,59,admin.,single,secondary,no,1924.26,yes,yes,unknown,2,jul,942,1,10,1,success,0.1029,1,0.1808
CIF000737,63,blue-collar,married,primary,no,-2000.0,no,no,unknown,2,mar,896,5,17,4,other,0.9685,1,0.1852
CIF000738,38,blue-collar,single,tertiary,no,2210.48,yes,no,telephone,8,jul,1632,2,-1,3,success,0.6792,1,0.3538
CIF000739,63,student,divorced,secondary,no,7208.72,no,no,cellular,17,dec,89,6,-1,1,unknown,0.7525,1,0.0604
CIF000740,73,management,divorced,primary,no,139.69,no,no,telephone,10,jan,1580,4,-1,3,failure,0.6758,1,0.0749
CIF000741,68,student,divorced,primary,no,2279.42,no,no,cellular,1,may,1469,7,-1,4,unknown,0.1796,1,0.011
CIF000742,65,entrepreneur,divorced,secondary,no,4574.77,no,no,unknown,28,jan,1462,5,1,0,other,0.4484,1,0.1462
CIF000743,57,entrepreneur,single,tertiary,no,1008.14,yes,no,unknown,21,nov,742,4,-1,0,other,0.7981,1,0.6404
CIF000744,34,retired,single,primary,no,-242.88,no,no,unknown,18,jul,928,7,3,5,other,0.8664,1,0.1964
CIF000745,67,management,divorced,secondary,no,-2000.0,no,no,unknown,8,sep,664,4,-1,4,unknown,0.2373,0,0.3778
CIF000746,40,entrepreneur,married,tertiary,no,3422.97,no,no,cellular,22,dec,453,3,29,3,success,0.596,1,0.7056
CIF000747,50,blue-collar,divorced,secondary,no,1160.49,yes,yes,cellular,29,oct,1575,3,29,5,unknown,0.1571,1,0.0318
CIF000748,37,management,single,primary,no,-1538.05,yes,no,telephone,21,may,910,7,-1,3,failure,0.9583,1,0.2091
CIF000749,37,admin.,single,secondary,no,1879.79,no,yes,telephone,9,dec,1302,6,17,3,failure,0.2522,1,0.9959
CIF000750,27,blue-collar,single,primary,no,-251.04,no,no,unknown,12,jun,181,2,-1,1,failure,0.7266,0,0.597
CIF000751,77,admin.,divorced,unknown,no,-85.28,no,no,telephone,28,dec,1420,4,4,4,failure,0.2311,1,0.66
CIF000752,27,admin.,divorced,unknown,no,3318.87,no,no,unknown,1,dec,1185,3,18,4,failure,0.6161,1,0.516
CIF000753,23,blue-collar,married,secondary,no,-2000.0,no,no,telephone,7,mar,1795,5,12,1,unknown,0.6593,1,0.9659
CIF000754,76,admin.,divorced,primary,no,4641.95,yes,no,cellular,4,oct,241,1,11,4,other,0.3284,1,0.1443
CIF000755,52,admin.,divorced,primary,no,-2000.0,yes,no,cellular,20,sep,972,5,-1,4,failure,0.8188,1,0.0674
CIF000756,45,retired,divorced,tertiary,no,-488.1,yes,yes,telephone,14,oct,920,6,12,0,other,0.8854,1,0.8162
CIF000757,63,blue-collar,divorced,unknown,no,7268.84,no,no,cellular,4,mar,969,2,-1,0,unknown,0.8551,1,0.0041
CIF000758,41,management,divorced,secondary,no,4882.06,yes,no,telephone,29,jul,97,2,-1,3,other,0.3308,1,0.5616
CIF000759,25,admin.,married,tertiary,no,1792.81,no,no,telephone,17,feb,851,5,-1,3,success,0.7443,1,0.0014
CIF000760,63,student,single,primary,no,-1321.59,yes,no,cellular,8,nov,539,2,7,3,unknown,0.5595,0,0.3482
CIF000761,28,blue-collar,divorced,unknown,no,-87.82,yes,no,telephone,29,nov,1111,7,-1,2,other,0.5926,0,0.6509
CIF000762,52,retired,divorced,secondary,no,1719.83,yes,yes,unknown,21,jul,417,6,-1,5,success,0.4774,1,0.5473
CIF000763,76,management,single,primary,no,1612.57,no,no,cellular,4,feb,783,7,21,2,success,0.6003,1,0.5599
CIF000764,76,retired,divorced,unknown,no,1227.39,no,no,telephone,25,aug,1116,4,-1,1,other,0.1357,1,0.1573
CIF000765,40,management,divorced,unknown,no,1407.5,no,no,unknown,2,jun,115,7,-1,0,other,0.4088,1,0.2947
CIF000766,66,management,married,secondary,no,856.87,yes,no,cellular,28,oct,1416,1,-1,5,unknown,0.1777,0,0.71
CIF000767,55,retired,divorced,unknown,no,-2000.0,yes,no,unknown,12,feb,1288,3,-1,4,failure,0.2801,1,0.0233
CIF000768,47,retired,single,primary,no,-49.53,no,no,telephone,9,may,103,1,6,2,unknown,0.1278,0,0.5953
CIF000769,26,entrepreneur,single,secondary,no,4243.87,yes,no,cellular,2,may,116,5,-1,1,unknown,0.2125,0,0.5171
CIF000770,41,student,married,tertiary,no,-2000.0,no,no,unknown,28,dec,1530,4,-1,0,unknown,0.7819,1,0.344
CIF000771,58,student,divorced,tertiary,no,931.33,no,yes,telephone,17,apr,509,3,3,0,success,0.5498,1,0.3348
CIF000772,79,retired,married,secondary,no,-959.26,yes,no,unknown,19,dec,1549,3,1,0,success,0.0236,0,0.7989
CIF000773,18,student,single,unknown,no,1834.05,yes,no,telephone,26,dec,898,5,13,3,unknown,0.7885,1,0.382
CIF000774,62,admin.,married,unknown,no,334.1,yes,no,unknown,16,aug,616,2,-1,1,failure,0.9095,1,0.0799
CIF000775,70,management,divorced,primary,no,5932.18,yes,no,unknown,9,mar,492,4,6,0,unknown,0.8804,1,0.962
CIF000776,76,management,single,unknown,no,3019.75,yes,yes,unknown,24,mar,1186,5,-1,1,unknown,0.823,1,0.1304
CIF000777,44,student,married,primary,no,-2000.0,yes,yes,telephone,16,jan,197,2,-1,4,unknown,0.9922,1,0.7975
CIF000778,25,admin.,married,tertiary,no,3513.68,no,no,unknown,8,oct,724,2,-1,2,success,0.5864,0,0.0139
CIF000779,34,retired,divorced,secondary,no,-823.96,yes,no,cellular,26,sep,622,3,2,0,unknown,0.9626,1,0.3644
CIF000780,70,admin.,married,secondary,no,-230.99,yes,no,telephone,25,apr,277,5,-1,4,other,0.9488,1,0.5152
CIF000781,72,entrepreneur,divorced,primary,no,2441.46,yes,no,telephone,8,sep,635,2,10,2,other,0.3132,1,0.0298
CIF000782,57,retired,married,secondary,no,24.76,no,no,cellular,20,jul,951,3,-1,1,other,0.8634,1,0.7341
CIF000783,25,blue-collar,divorced,primary,no,4178.57,yes,no,unknown,28,oct,1219,4,-1,4,other,0.7925,1,0.2606
CIF000784,25,student,single,unknown,no,-823.53,no,no,unknown,24,feb,155,2,-1,5,other,0.7758,0,0.5412
CIF000785,47,student,married,primary,no,-356.84,no,no,unknown,6,mar,1570,4,-1,3,other,0.8963,1,0.7923
CIF000786,54,admin.,divorced,secondary,no,-469.11,no,no,telephone,26,oct,1581,1,-1,0,other,0.3842,1,0.5911
CIF000787,20,blue-collar,married,primary,no,-196.92,no,no,telephone,2,may,1245,1,15,1,unknown,0.4001,0,0.4556
CIF000788,60,admin.,divorced,primary,no,4797.57,no,no,telephone,19,dec,1663,2,3,3,success,0.6401,1,0.3361
CIF000789,51,retired,single,secondary,no,3386.39,no,no,unknown,16,nov,770,3,-1,5,failure,0.7378,1,0.0451
CIF000790,18,student,single,unknown,no,6629.83,no,no,unknown,2,feb,1478,1,-1,5,other,0.8797,1,0.913
CIF000791,23,management,married,secondary,no,8302.93,no,yes,cellular,22,may,1309,7,-1,5,unknown,0.8758,1,0.5919
CIF000792,46,admin.,married,unknown,no,-1592.15,yes,no,telephone,9,sep,1012,3,-1,4,failure,0.7213,1,0.6315
CIF000793,62,blue-collar,married,unknown,no,1711.26,yes,no,cellular,26,feb,323,6,-1,3,failure,0.9569,1,0.4405
CIF000794,69,admin.,divorced,secondary,no,-2000.0,no,no,unknown,27,nov,1003,7,-1,3,other,0.1786,1,0.3727
CIF000795,44,entrepreneur,married,unknown,no,-832.82,no,no,telephone,18,feb,1622,6,9,4,failure,0.9503,1,0.0467
CIF000796,36,retired,married,secondary,no,-390.25,yes,no,telephone,19,feb,1772,6,-1,4,other,0.0642,0,0.169
CIF000797,78,admin.,married,tertiary,no,-1671.46,yes,no,cellular,2,jul,806,1,-1,3,failure,0.5556,0,0.4255
CIF000798,46,student,divorced,tertiary,no,-1655.66,yes,no,cellular,27,mar,446,3,-1,0,success,0.0902,0,0.2417
CIF000799,37,blue-collar,divorced,tertiary,no,1067.15,no,no,unknown,21,aug,1345,6,-1,5,success,0.568,1,0.0444
CIF000800,45,management,divorced,unknown,no,-2000.0,no,no,unknown,12,may,136,5,-1,0,failure,0.3901,0,0.546
CIF000801,18,retired,married,primary,no,4026.38,no,no,telephone,3,apr,271,1,-1,2,failure,0.0816,1,0.4641
CIF000802,36,management,single,secondary,no,-1253.26,yes,no,unknown,16,nov,1011,4,17,2,failure,0.6481,1,0.4214
CIF000803,49,entrepreneur,divorced,tertiary,no,9928.71,no,no,telephone,28,feb,1782,6,-1,5,success,0.7312,1,0.7842
CIF000804,74,entrepreneur,married,secondary,no,145.85,no,no,telephone,26,jun,591,6,-1,0,failure,0.1742,0,0.5995
CIF000805,63,entrepreneur,divorced,unknown,no,1716.05,no,no,cellular,3,mar,797,3,-1,2,other,0.6944,1,0.0014
CIF000806,66,blue-collar,married,secondary,no,-2000.0,yes,no,telephone,23,feb,580,2,-1,2,unknown,0.179,1,0.7619
CIF000807,51,blue-collar,divorced,secondary,no,6618.28,yes,no,cellular,3,mar,792,3,-1,0,unknown,0.1374,1,0.4826
CIF000808,24,retired,single,secondary,no,4858.5,no,no,cellular,12,apr,12,3,-1,1,unknown,0.1474,0,0.5168
CIF000809,42,student,divorced,tertiary,no,2390.75,yes,no,telephone,14,may,1070,3,-1,2,other,0.5991,1,0.8896
CIF000810,79,student,single,primary,no,-2000.0,no,no,cellular,1,jun,1073,3,-1,5,failure,0.7788,1,0.1092
CIF000811,20,blue-collar,divorced,primary,no,2132.0,yes,no,unknown,5,feb,568,4,19,2,unknown,0.5969,0,0.5994
CIF000812,72,blue-collar,divorced,unknown,no,-1864.29,no,yes,cellular,27,jan,475,1,24,5,unknown,0.8094,1,0.2822
CIF000813,60,admin.,married,primary,no,5887.07,yes,no,unknown,19,feb,1370,2,-1,4,other,0.5915,1,0.0367
CIF000814,35,blue-collar,single,primary,no,3927.58,yes,no,cellular,24,aug,338,3,-1,4,other,0.7973,1,0.4374
CIF000815,66,management,single,secondary,no,1786.32,no,no,unknown,18,dec,84,2,9,5,failure,0.9765,1,0.2836
CIF000816,69,blue-collar,single,secondary,no,-2000.0,no,no,telephone,14,jan,72,7,29,4,success,0.391,0,0.0015
CIF000817,20,retired,divorced,primary,no,-1450.25,no,no,unknown,1,jan,1587,5,16,4,failure,0.1499,0,0.4929
CIF000818,24,admin.,married,unknown,no,3563.28,yes,no,telephone,17,oct,655,7,-1,0,other,0.1354,1,0.3111
CIF000819,59,entrepreneur,married,primary,no,5138.65,yes,no,telephone,24,sep,183,4,-1,4,success,0.5975,1,0.4341
CIF000820,79,blue-collar,single,secondary,no,4827.51,no,no,cellular,7,sep,1582,1,-1,0,failure,0.5471,1,0.0117
CIF000821,19,entrepreneur,divorced,primary,no,-2000.0,no,no,telephone,15,mar,267,7,12,4,other,0.1842,0,0.4018
CIF000822,59,admin.,married,secondary,no,2404.66,yes,no,telephone,13,nov,606,4,-1,3,unknown,0.8821,1,0.4704
CIF000823,26,entrepreneur,single,primary,no,4546.55,yes,no,unknown,27,aug,37,5,-1,4,other,0.9567,1,0.466
CIF000824,58,retired,divorced,unknown,no,-2000.0,no,no,cellular,5,feb,1222,3,-1,3,failure,0.2532,1,0.7169
CIF000825,56,student,single,unknown,no,1476.29,no,no,cellular,4,feb,1258,4,-1,2,other,0.2069,1,0.9913
CIF000826,23,blue-collar,single,primary,no,2321.53,no,yes,cellular,7,aug,1361,4,-1,2,other,0.2139,0,0.0279
CIF000827,60,entrepreneur,single,primary,no,597.71,no,no,cellular,5,oct,473,2,-1,3,success,0.3874,0,0.396
CIF000828,73,retired,divorced,unknown,no,-2000.0,no,no,unknown,26,oct,590,4,-1,2,unknown,0.8532,1,0.8567
CIF000829,71,entrepreneur,divorced,secondary,no,522.91,no,no,cellular,8,aug,1688,6,4,2,other,0.596,1,0.6257
CIF000830,19,management,single,primary,no,518.08,no,yes,unknown,11,jul,1478,1,-1,2,success,0.0676,0,0.9836
CIF000831,33,entrepreneur,single,primary,no,1055.78,no,no,cellular,8,sep,66,1,-1,3,other,0.473,1,0.7134
CIF000832,32,student,married,secondary,no,-190.41,yes,no,unknown,25,feb,1245,6,13,1,unknown,0.0903,0,0.7242
CIF000833,46,management,single,tertiary,no,170.96,no,no,telephone,20,may,1462,4,2,3,unknown,0.4062,1,0.0761
CIF000834,26,student,divorced,tertiary,no,1380.88,yes,no,cellular,15,feb,1006,7,-1,1,failure,0.4035,1,0.2753
CIF000835,70,retired,single,primary,no,2827.36,yes,no,telephone,24,nov,1151,5,-1,1,failure,0.6484,1,0.5838
CIF000836,66,entrepreneur,divorced,secondary,no,586.72,no,yes,unknown,3,aug,1,5,-1,2,unknown,0.5495,0,0.5224
CIF000837,68,blue-collar,single,secondary,no,271.05,yes,yes,unknown,21,oct,54,7,-1,0,unknown,0.8748,0,0.7626
CIF000838,30,admin.,divorced,tertiary,no,1777.06,no,no,cellular,11,jun,63,5,-1,3,failure,0.0163,0,0.9937
CIF000839,18,management,divorced,secondary,no,-2000.0,yes,no,telephone,12,dec,286,3,-1,4,other,0.774,0,0.2068
CIF000840,74,retired,single,primary,no,2931.11,no,no,telephone,5,dec,1783,4,-1,5,unknown,0.0227,1,0.4284
CIF000841,35,entrepreneur,divorced,unknown,no,1498.31,yes,no,telephone,3,aug,1141,2,-1,1,unknown,0.3043,1,0.8668
CIF000842,58,admin.,divorced,tertiary,no,1619.08,yes,no,unknown,21,nov,1408,3,-1,3,other,0.8797,1,0.8381
CIF000843,74,retired,married,secondary,no,4382.2,no,yes,telephone,26,aug,532,5,-1,3,unknown,0.6904,1,0.8172
CIF000844,20,blue-collar,married,primary,no,-2000.0,yes,no,telephone,28,sep,1687,2,2,4,unknown,0.172,0,0.6204
CIF000845,18,management,divorced,primary,no,-2000.0,yes,no,telephone,8,mar,358,5,-1,3,other,0.4908,0,0.9932
CIF000846,18,admin.,single,unknown,no,2321.41,yes,no,unknown,23,dec,1624,5,-1,4,failure,0.7219,1,0.3579
CIF000847,27,admin.,married,unknown,no,1478.65,no,no,unknown,4,mar,55,3,-1,5,failure,0.9373,1,0.1163
CIF000848,21,student,divorced,tertiary,no,2010.53,yes,no,unknown,24,sep,36,1,9,0,unknown,0.6343,0,0.1326
CIF000849,68,retired,single,primary,no,113.62,yes,no,cellular,17,aug,142,5,26,2,failure,0.0247,0,0.4357
CIF000850,55,admin.,married,secondary,no,3493.06,no,no,cellular,26,feb,1425,6,-1,3,other,0.4997,1,0.8049
CIF000851,78,admin.,married,secondary,no,4297.92,no,no,cellular,3,oct,463,6,-1,3,other,0.153,1,0.4528
CIF000852,67,entrepreneur,divorced,primary,no,2951.95,no,no,cellular,24,jan,812,3,-1,2,success,0.0478,1,0.6114
CIF000853,77,retired,divorced,primary,no,717.51,no,no,unknown,15,jul,848,5,-1,1,success,0.5985,1,0.358
CIF000854,32,entrepreneur,single,secondary,no,-2000.0,yes,no,unknown,18,oct,1421,3,14,3,success,0.7769,1,0.7148
CIF000855,35,student,divorced,secondary,no,3807.71,yes,no,cellular,17,feb,627,3,-1,4,success,0.0361,1,0.1531
CIF000856,70,management,married,tertiary,yes,5165.19,no,no,telephone,22,may,12,3,26,0,success,0.7836,1,0.5201
CIF000857,33,management,divorced,tertiary,no,3433.68,no,no,cellular,18,jul,695,2,-1,3,unknown,0.7064,1,0.1851
CIF000858,21,blue-collar,married,secondary,no,-1138.93,no,yes,cellular,13,dec,518,7,-1,5,other,0.752,1,0.4686
CIF000859,59,retired,single,secondary,no,3521.38,yes,no,telephone,14,may,1315,5,15,3,other,0.2447,1,0.4305
CIF000860,67,student,divorced,tertiary,no,4081.59,no,no,cellular,3,feb,1352,2,-1,5,unknown,0.3936,1,0.6046
CIF000861,78,admin.,single,primary,no,6176.45,yes,yes,unknown,22,feb,165,7,8,2,unknown,0.1198,1,0.5095
CIF000862,75,retired,divorced,primary,no,-1128.33,yes,yes,unknown,22,mar,1427,2,-1,0,other,0.2389,1,0.9757
CIF000863,25,student,single,unknown,no,820.64,no,no,telephone,18,nov,126,5,14,4,unknown,0.3028,0,0.9003
CIF000864,65,entrepreneur,married,primary,no,3741.82,yes,no,cellular,22,oct,1115,2,-1,1,other,0.3194,1,0.2941
CIF000865,70,retired,married,primary,no,1672.23,yes,no,telephone,9,jun,700,3,-1,0,other,0.175,1,0.1212
CIF000866,61,entrepreneur,married,tertiary,no,-1851.98,yes,no,unknown,7,nov,542,5,13,1,unknown,0.1887,0,0.0648
CIF000867,68,blue-collar,married,tertiary,no,2743.85,yes,no,cellular,28,dec,869,7,-1,5,other,0.9015,1,0.198
CIF000868,69,retired,married,primary,no,3235.98,no,yes,unknown,29,nov,558,7,-1,4,unknown,0.7839,1,0.2221
CIF000869,45,blue-collar,divorced,unknown,no,1763.89,yes,no,cellular,26,jan,1428,7,10,1,failure,0.3445,1,0.8887
CIF000870,20,retired,married,primary,no,2158.75,no,no,cellular,2,feb,1740,2,-1,3,success,0.9476,1,0.9248
CIF000871,46,blue-collar,married,tertiary,no,723.88,yes,no,telephone,17,sep,1468,1,18,2,success,0.2389,1,0.2305
CIF000872,30,entrepreneur,divorced,tertiary,no,5934.84,no,no,telephone,23,may,790,7,-1,1,unknown,0.4068,0,0.7587
CIF000873,25,retired,single,unknown,no,-1202.08,yes,no,cellular,2,feb,905,7,-1,5,unknown,0.8135,0,0.8358
CIF000874,25,entrepreneur,married,tertiary,no,-261.96,yes,no,unknown,30,aug,804,2,-1,4,failure,0.4429,0,0.3775
CIF000875,61,retired,divorced,tertiary,no,1532.96,yes,yes,unknown,24,may,1428,1,-1,2,success,0.2346,1,0.8716
CIF000876,49,admin.,married,primary,no,4136.86,no,no,telephone,10,dec,994,5,26,2,failure,0.3685,1,0.9887
CIF000877,51,admin.,divorced,unknown,no,-2000.0,no,no,telephone,16,jul,842,1,-1,4,failure,0.5007,1,0.9678
CIF000878,64,admin.,married,primary,no,-2000.0,yes,no,cellular,28,mar,737,1,-1,2,unknown,0.6206,1,0.7419
CIF000879,51,blue-collar,single,secondary,no,-2000.0,yes,yes,telephone,26,dec,675,7,-1,2,other,0.4056,0,0.3717
CIF000880,57,admin.,single,secondary,no,1598.09,yes,no,cellular,25,aug,994,4,-1,2,success,0.4313,1,0.227
CIF000881,23,entrepreneur,single,secondary,no,-1854.92,yes,no,cellular,30,apr,1240,1,-1,2,other,0.2639,0,0.9929
CIF000882,70,admin.,divorced,tertiary,no,346.35,yes,no,unknown,23,feb,778,5,10,3,failure,0.5353,0,0.2762
CIF000883,45,retired,single,primary,no,3484.13,no,no,telephone,29,jul,1451,3,8,0,other,0.2195,1,0.4384
CIF000884,27,admin.,single,secondary,no,-424.63,yes,no,unknown,29,sep,1488,4,17,2,success,0.8675,0,0.2641
CIF000885,68,student,married,secondary,no,2193.85,yes,no,cellular,1,nov,772,7,-1,2,success,0.7474,1,0.4961
CIF000886,63,student,single,tertiary,no,601.99,no,no,telephone,20,feb,1636,2,-1,1,failure,0.4103,0,0.1104
CIF000887,21,retired,divorced,tertiary,no,3516.34,no,yes,cellular,11,jun,311,5,-1,2,success,0.7472,1,0.8091
CIF000888,29,retired,divorced,unknown,no,2925.38,yes,yes,cellular,15,dec,1677,6,5,2,failure,0.007,0,0.5051
CIF000889,18,retired,single,primary,no,-575.8,no,no,unknown,6,aug,529,3,-1,2,success,0.3445,0,0.4195
CIF000890,34,student,single,unknown,no,994.04,no,yes,telephone,21,feb,1015,7,-1,5,failure,0.4403,1,0.3631
CIF000891,24,management,single,secondary,no,4631.23,yes,no,telephone,26,dec,510,4,-1,3,other,0.4698,0,0.5798
CIF000892,62,management,divorced,secondary,no,2680.13,yes,no,unknown,13,sep,795,4,12,3,other,0.7487,1,0.7799
CIF000893,50,entrepreneur,divorced,tertiary,no,-2000.0,no,yes,unknown,21,jun,612,7,12,1,failure,0.9628,1,0.9026
CIF000894,78,management,single,primary,no,3466.85,yes,no,cellular,10,oct,1269,5,18,5,failure,0.38,1,0.8415
CIF000895,64,entrepreneur,divorced,unknown,no,-1753.83,no,no,telephone,23,aug,146,7,-1,0,other,0.3506,0,0.4455
CIF000896,55,admin.,married,secondary,no,5737.54,yes,no,unknown,3,apr,1508,6,29,3,success,0.6105,1,0.834
CIF000897,49,student,divorced,unknown,no,4572.3,yes,no,cellular,27,oct,1626,5,-1,1,unknown,0.2813,1,0.5286
CIF000898,21,retired,divorced,primary,no,2369.66,no,no,unknown,12,apr,1013,2,-1,4,other,0.1414,1,0.6382
CIF000899,22,retired,divorced,unknown,no,1971.7,no,yes,telephone,16,mar,985,3,-1,2,success,0.9615,1,0.6746
CIF000900,56,blue-collar,single,secondary,no,872.9,yes,no,cellular,25,aug,1259,7,-1,1,success,0.8095,1,0.3997
CIF000901,18,retired,divorced,tertiary,no,3535.57,no,no,unknown,1,jan,358,5,-1,0,other,0.9585,1,0.4861
CIF000902,20,management,single,unknown,no,387.67,yes,no,unknown,29,aug,1349,2,-1,4,unknown,0.2178,0,0.6926
CIF000903,31,admin.,divorced,primary,no,2206.71,no,no,cellular,19,jul,393,3,-1,2,other,0.0178,1,0.3079
CIF000904,72,student,married,secondary,no,4115.8,yes,no,unknown,30,sep,1217,6,-1,1,unknown,0.4373,1,0.7469
CIF000905,46,student,single,unknown,no,-185.42,yes,no,unknown,17,feb,550,2,14,5,other,0.9336,1,0.3541
CIF000906,61,student,single,primary,no,-348.58,yes,no,telephone,7,jul,1343,1,-1,0,success,0.1383,0,0.5855
CIF000907,43,entrepreneur,divorced,primary,no,-2000.0,yes,no,telephone,18,jun,1423,6,-1,2,success,0.1172,0,0.8376
CIF000908,28,blue-collar,divorced,tertiary,no,-1693.42,yes,no,cellular,18,mar,375,3,-1,0,success,0.069,0,0.0232
CIF000909,41,admin.,divorced,primary,no,-2000.0,no,no,telephone,28,jun,1111,6,12,0,failure,0.765,1,0.2403
CIF000910,23,retired,married,unknown,no,3689.49,no,no,unknown,18,dec,897,4,-1,0,other,0.7859,1,0.5612
CIF000911,65,student,single,unknown,no,6926.74,no,no,unknown,13,oct,529,7,-1,1,unknown,0.6954,1,0.1061
CIF000912,29,admin.,married,primary,no,5775.99,no,no,telephone,6,feb,1058,4,-1,5,success,0.0533,0,0.2056
CIF000913,41,retired,divorced,primary,no,-2000.0,yes,no,cellular,10,nov,1786,7,-1,2,other,0.7233,1,0.7491
CIF000914,78,admin.,married,unknown,no,3674.56,no,no,unknown,18,jul,4,6,-1,5,unknown,0.4486,0,0.0258
CIF000915,54,retired,single,tertiary,no,5766.32,yes,yes,unknown,12,jan,1722,2,-1,1,success,0.1579,1,0.61
CIF000916,46,admin.,single,unknown,no,129.57,yes,yes,cellular,11,dec,1540,7,-1,4,other,0.2951,1,0.0342
CIF000917,51,student,divorced,unknown,no,1804.34,yes,no,unknown,1,jul,952,6,-1,0,success,0.5011,1,0.1159
CIF000918,66,blue-collar,divorced,secondary,no,-2000.0,yes,no,cellular,29,nov,1098,1,-1,0,success,0.3297,0,0.3903
CIF000919,33,entrepreneur,divorced,secondary,no,2300.21,no,no,unknown,26,feb,664,1,-1,0,unknown,0.9697,1,0.9648
CIF000920,57,retired,single,tertiary,no,-1690.68,no,yes,unknown,8,mar,232,2,-1,5,other,0.4747,1,0.5458
CIF000921,72,student,married,tertiary,no,2098.91,no,no,telephone,5,nov,1028,1,-1,4,other,0.3722,1,0.3122
CIF000922,53,entrepreneur,divorced,secondary,no,-2000.0,no,no,telephone,26,mar,1469,3,-1,4,other,0.6732,1,0.4113
CIF000923,45,student,married,secondary,no,3128.57,no,yes,cellular,26,jul,415,7,-1,5,unknown,0.6505,1,0.5688
CIF000924,26,admin.,single,secondary,no,4573.54,yes,no,cellular,27,aug,1290,4,-1,1,failure,0.0024,0,0.6194
CIF000925,33,entrepreneur,single,tertiary,no,-849.54,no,no,cellular,17,dec,1346,1,-1,4,other,0.6185,1,0.2679
CIF000926,76,student,single,secondary,no,-1910.77,yes,no,unknown,23,may,1364,4,-1,3,success,0.2438,1,0.1973
CIF000927,51,blue-collar,divorced,secondary,no,-2000.0,no,yes,telephone,22,oct,612,2,-1,3,other,0.3752,1,0.4953
CIF000928,36,management,married,primary,no,700.76,yes,no,cellular,7,sep,705,6,-1,3,success,0.7063,1,0.6449
CIF000929,43,entrepreneur,single,unknown,yes,-244.78,no,yes,telephone,16,sep,749,1,-1,2,success,0.5574,1,0.8166
CIF000930,53,entrepreneur,married,tertiary,no,-2000.0,no,no,unknown,8,jul,1537,6,-1,0,failure,0.3687,1,0.5928
CIF000931,51,retired,divorced,unknown,no,2859.06,no,no,telephone,23,jan,1620,4,-1,0,other,0.1674,1,0.6924
CIF000932,61,management,divorced,unknown,no,150.09,yes,yes,unknown,30,apr,745,1,8,3,success,0.5055,0,0.484
CIF000933,33,retired,single,tertiary,no,-1727.21,yes,no,cellular,3,jul,1745,5,-1,3,other,0.3194,1,0.5667
CIF000934,58,management,married,secondary,no,-163.72,no,no,cellular,3,may,1026,4,-1,4,unknown,0.9129,1,0.6354
CIF000935,45,student,married,tertiary,yes,4713.91,yes,no,telephone,8,mar,693,6,10,3,failure,0.5343,1,0.2363
CIF000936,76,entrepreneur,married,tertiary,no,3308.81,no,no,telephone,4,sep,1,5,-1,1,unknown,0.866,1,0.9341
CIF000937,27,retired,single,unknown,no,1109.92,no,no,unknown,1,jun,1099,6,-1,2,success,0.3902,1,0.3453
CIF000938,27,management,divorced,primary,no,3357.32,yes,no,unknown,30,oct,1160,4,-1,2,success,0.8274,1,0.6047
CIF000939,46,retired,married,primary,no,-1982.74,yes,yes,cellular,18,jul,1743,1,29,5,failure,0.0565,1,0.561
CIF000940,49,student,single,primary,no,1597.11,no,yes,unknown,24,may,1292,1,27,3,failure,0.2981,1,0.8533
CIF000941,60,blue-collar,single,primary,no,1941.97,yes,yes,cellular,17,feb,53,4,-1,3,success,0.0782,1,0.1136
CIF000942,43,blue-collar,married,tertiary,no,90.49,yes,no,telephone,23,feb,1020,3,6,4,other,0.0317,1,0.8842
CIF000943,74,blue-collar,single,primary,no,2806.38,yes,yes,unknown,21,jul,1337,6,-1,2,failure,0.9189,1,0.137
CIF000944,47,entrepreneur,divorced,primary,no,-841.3,no,yes,unknown,5,may,893,3,-1,5,failure,0.7169,1,0.1445
CIF000945,26,entrepreneur,divorced,secondary,no,3029.46,yes,no,cellular,5,sep,772,7,-1,4,unknown,0.6251,1,0.8623
CIF000946,25,admin.,single,unknown,no,3155.58,no,yes,telephone,15,aug,1457,2,-1,5,other,0.5325,0,0.2571
CIF000947,78,student,married,secondary,no,-2000.0,yes,no,unknown,12,apr,1100,3,-1,4,other,0.5696,0,0.6118
CIF000948,26,student,divorced,secondary,no,5070.92,yes,yes,cellular,26,oct,1226,6,13,3,success,0.6387,1,0.4636
CIF000949,76,management,married,secondary,no,-2000.0,yes,no,unknown,10,jul,835,1,-1,0,other,0.8266,1,0.9343
CIF000950,35,blue-collar,divorced,unknown,no,-348.15,no,no,telephone,10,nov,500,3,-1,3,other,0.5969,1,0.7821
CIF000951,23,retired,divorced,secondary,no,4576.04,yes,no,cellular,16,dec,934,6,-1,0,other,0.7486,1,0.335
CIF000952,36,blue-collar,married,secondary,no,548.14,no,no,cellular,6,dec,1726,5,-1,3,failure,0.281,1,0.8134
CIF000953,56,blue-collar,divorced,unknown,no,-2000.0,yes,no,unknown,26,feb,1084,6,-1,4,unknown,0.9768,1,0.2258
CIF000954,44,student,married,secondary,no,-1781.21,no,no,telephone,1,jul,1273,4,25,3,other,0.0319,1,0.6156
CIF000955,66,student,single,secondary,no,4580.72,yes,yes,unknown,26,jan,223,7,-1,1,unknown,0.3866,1,0.7516
CIF000956,55,management,married,unknown,no,-2000.0,no,no,telephone,19,nov,1778,7,-1,0,failure,0.882,1,0.7032
CIF000957,42,blue-collar,married,secondary,no,4886.97,yes,no,telephone,27,sep,440,7,-1,4,success,0.1805,1,0.6567
CIF000958,57,admin.,divorced,tertiary,no,1334.69,yes,no,unknown,9,apr,1748,1,26,4,other,0.1413,1,0.83
CIF000959,78,student,single,tertiary,no,-2000.0,yes,no,unknown,28,aug,802,5,21,2,success,0.3654,0,0.5562
CIF000960,43,blue-collar,single,primary,no,-249.35,no,no,cellular,26,jul,1654,1,-1,4,failure,0.4282,1,0.9283
CIF000961,27,retired,single,primary,no,-1551.67,no,no,unknown,14,jul,1605,2,-1,4,other,0.9334,0,0.1448
CIF000962,43,entrepreneur,divorced,unknown,no,4098.68,yes,no,cellular,9,jul,1359,3,-1,3,unknown,0.8361,1,0.3557
CIF000963,70,entrepreneur,divorced,secondary,no,3697.28,yes,no,unknown,6,dec,1649,5,12,0,unknown,0.4641,1,0.783
CIF000964,31,student,single,secondary,no,-2000.0,yes,yes,cellular,5,oct,1096,4,16,5,success,0.973,1,0.3081
CIF000965,76,management,married,tertiary,no,289.22,no,no,telephone,18,may,1527,7,12,2,failure,0.6423,1,0.4429
CIF000966,54,entrepreneur,married,primary,no,-1089.56,yes,no,cellular,29,oct,309,3,-1,4,failure,0.8737,1,0.7729
CIF000967,55,entrepreneur,single,primary,no,5380.53,no,no,unknown,17,feb,126,5,-1,5,failure,0.2461,0,0.5386
CIF000968,37,blue-collar,married,secondary,no,-2000.0,no,yes,unknown,29,apr,978,6,-1,2,failure,0.489,1,0.1876
CIF000969,75,management,married,unknown,no,6312.69,no,no,unknown,23,feb,1457,7,-1,3,other,0.0297,1,0.1748
CIF000970,20,management,married,tertiary,no,1400.12,yes,yes,telephone,21,nov,1377,2,-1,0,failure,0.0089,1,0.3012
CIF000971,36,admin.,divorced,tertiary,no,-1985.8,yes,no,unknown,22,jan,950,6,-1,5,success,0.7055,1,0.303
CIF000972,43,entrepreneur,single,tertiary,no,-531.82,yes,yes,cellular,28,nov,937,1,-1,0,unknown,0.1183,1,0.1367
CIF000973,47,management,divorced,unknown,yes,-904.86,no,no,telephone,26,oct,1097,4,15,3,other,0.5478,1,0.8347
CIF000974,47,admin.,single,unknown,no,-2000.0,no,no,unknown,5,dec,1562,3,9,2,other,0.696,1,0.2826
CIF000975,27,student,single,primary,no,1784.48,no,no,telephone,18,oct,1515,7,16,0,unknown,0.0322,0,0.8022
CIF000976,31,student,divorced,tertiary,no,-2000.0,yes,no,cellular,14,jun,197,6,6,2,success,0.4487,0,0.9735
CIF000977,23,management,divorced,tertiary,no,-2000.0,yes,yes,telephone,27,oct,1072,7,1,5,success,0.6842,1,0.332
CIF000978,53,admin.,married,primary,no,360.97,no,no,telephone,7,dec,685,6,-1,1,unknown,0.8897,1,0.9702
CIF000979,39,management,married,unknown,no,-2000.0,yes,no,unknown,25,nov,1438,3,-1,1,other,0.2992,0,0.1912
CIF000980,53,student,single,secondary,no,-756.48,no,no,unknown,15,oct,910,6,-1,1,other,0.9742,1,0.6475
CIF000981,54,admin.,married,unknown,no,-1227.31,no,no,telephone,28,oct,1784,1,-1,0,other,0.8445,1,0.9912
CIF000982,61,retired,married,primary,no,-1113.65,yes,yes,unknown,24,aug,778,4,-1,1,success,0.6506,1,0.8084
CIF000983,51,student,married,tertiary,no,7502.89,yes,no,cellular,11,nov,1222,1,12,3,success,0.3919,1,0.2297
CIF000984,58,admin.,divorced,tertiary,no,1669.23,no,no,cellular,26,jun,195,6,5,4,success,0.7111,1,0.2573
CIF000985,54,blue-collar,single,tertiary,no,2236.11,yes,no,telephone,6,jul,1678,7,25,4,other,0.8162,1,0.2624
CIF000986,58,retired,married,primary,no,-2000.0,no,yes,unknown,1,nov,276,5,27,4,success,0.3033,1,0.943
CIF000987,56,student,divorced,primary,no,-461.89,yes,no,unknown,16,apr,681,6,19,4,success,0.9928,1,0.2454
CIF000988,37,retired,single,tertiary,no,2145.91,no,no,telephone,12,oct,1507,2,-1,2,unknown,0.9086,1,0.5096
CIF000989,33,management,divorced,unknown,no,-1573.59,no,no,cellular,4,feb,1741,7,18,5,success,0.4855,1,0.3499
CIF000990,66,management,married,tertiary,no,4224.19,no,no,unknown,30,aug,871,4,14,1,unknown,0.7228,1,0.3613
CIF000991,39,management,divorced,primary,no,-2000.0,yes,yes,telephone,2,jan,872,5,17,4,failure,0.524,0,0.4082
CIF000992,52,management,married,unknown,no,640.9,yes,no,cellular,18,dec,87,6,-1,0,other,0.7609,1,0.345
CIF000993,30,retired,single,secondary,no,-258.15,yes,no,telephone,8,nov,1761,5,-1,4,unknown,0.827,1,0.5999
CIF000994,44,admin.,single,primary,no,1992.96,no,no,unknown,9,mar,29,3,22,0,other,0.0232,0,0.4255
CIF000995,50,blue-collar,married,secondary,no,-421.47,yes,no,cellular,7,feb,46,5,-1,1,failure,0.0791,0,0.441
CIF000996,56,admin.,single,primary,no,687.32,yes,no,telephone,12,aug,852,5,-1,2,other,0.3365,0,0.506
CIF000997,50,retired,married,unknown,no,791.61,no,yes,cellular,21,nov,6,7,-1,4,other,0.9176,0,0.3562
CIF000998,40,retired,single,unknown,no,-703.16,yes,no,unknown,10,apr,295,4,-1,0,unknown,0.3983,1,0.7546
CIF000999,77,admin.,divorced,primary,no,2955.28,no,yes,cellular,22,dec,1129,4,-1,1,unknown,0.8875,1,0.5035
CIF001000,49,admin.,married,tertiary,no,2215.17,no,no,unknown,14,jun,1269,4,29,2,other,0.4624,1,0.5092
CIF001001,68,blue-collar,single,primary,no,1234.16,no,no,unknown,24,jun,536,1,18,4,failure,0.2889,1,0.2098
CIF001002,63,blue-collar,divorced,secondary,no,208.62,no,no,unknown,14,may,1431,1,21,5,failure,0.9006,1,0.0308
CIF001003,52,management,married,primary,no,3889.63,yes,no,telephone,11,apr,1093,1,-1,3,unknown,0.5607,1,0.8093
CIF001004,72,entrepreneur,married,tertiary,no,792.5,no,yes,unknown,16,may,410,5,-1,3,success,0.3605,1,0.8555
CIF001005,25,entrepreneur,married,primary,no,579.91,yes,no,cellular,21,mar,1282,3,-1,2,unknown,0.0444,0,0.2412
CIF001006,75,admin.,single,unknown,no,1814.07,yes,no,cellular,14,may,1065,7,-1,4,failure,0.1109,1,0.36
CIF001007,70,management,married,primary,no,6589.76,yes,yes,cellular,28,apr,1461,5,-1,0,failure,0.1393,1,0.358
CIF001008,49,retired,divorced,secondary,no,-2000.0,no,no,cellular,16,jan,278,1,8,0,other,0.3648,1,0.6842
CIF001009,63,management,married,unknown,no,3809.57,no,no,telephone,9,may,415,1,29,1,failure,0.6073,1,0.1872
CIF001010,50,retired,single,unknown,no,-2000.0,no,yes,telephone,1,jan,546,3,-1,1,other,0.3076,1,0.9787
CIF001011,34,student,married,primary,no,2151.82,yes,no,unknown,12,mar,614,7,-1,2,success,0.0655,1,0.0619
CIF001012,67,student,married,primary,no,6225.25,yes,no,cellular,2,sep,1599,1,-1,5,failure,0.2648,1,0.9738
CIF001013,33,management,married,unknown,no,2966.01,yes,no,telephone,2,jan,1318,2,-1,3,unknown,0.4087,1,0.0688
CIF001014,37,admin.,single,unknown,no,2011.88,no,no,unknown,12,apr,979,1,-1,2,other,0.9923,1,0.3175
CIF001015,50,entrepreneur,married,secondary,yes,-181.35,yes,no,cellular,9,sep,972,3,-1,1,failure,0.393,1,0.2507
CIF001016,69,entrepreneur,married,primary,no,1593.14,no,yes,unknown,27,jan,1594,7,-1,3,success,0.0892,1,0.2596
CIF001017,41,retired,single,primary,no,743.81,no,no,telephone,22,sep,804,5,-1,1,failure,0.5811,1,0.9947
CIF001018,48,student,single,secondary,no,-857.93,yes,yes,telephone,24,jan,405,4,15,5,failure,0.9196,1,0.4584
CIF001019,20,management,married,tertiary,no,630.37,no,no,cellular,17,jan,246,2,-1,2,success,0.7867,1,0.1195
CIF001020,25,entrepreneur,single,primary,no,2095.14,yes,no,cellular,4,mar,594,3,-1,3,failure,0.8362,1,0.9823
CIF001021,21,retired,single,tertiary,no,-801.65,no,no,unknown,26,nov,1175,4,-1,5,other,0.9282,1,0.2427
CIF001022,22,retired,divorced,unknown,no,-918.85,no,no,unknown,15,jan,847,2,-1,1,success,0.6365,1,0.0725
CIF001023,71,retired,single,primary,no,-2000.0,no,no,telephone,13,feb,759,5,-1,2,other,0.9949,1,0.0242
CIF001024,70,management,divorced,unknown,no,2672.18,no,yes,telephone,19,dec,864,7,11,3,failure,0.0333,1,0.4632
CIF001025,68,management,married,unknown,no,3135.97,yes,no,telephone,5,aug,1754,2,19,1,unknown,0.8348,1,0.9183
CIF001026,21,entrepreneur,married,secondary,no,2194.98,no,no,telephone,15,jul,1795,2,-1,0,unknown,0.857,1,0.017
CIF001027,22,entrepreneur,single,primary,yes,4395.51,yes,no,unknown,19,jan,290,1,-1,1,other,0.9167,1,0.7252
CIF001028,35,blue-collar,married,secondary,no,1763.6,no,yes,telephone,21,may,206,6,-1,0,other,0.4782,1,0.2604
CIF001029,53,blue-collar,divorced,secondary,no,2676.03,no,no,cellular,16,jul,439,4,-1,4,success,0.7878,1,0.2191
CIF001030,38,management,single,secondary,no,2411.51,no,no,cellular,30,jul,1533,2,-1,0,success,0.1951,1,0.7038
CIF001031,48,entrepreneur,single,unknown,no,1225.38,yes,no,unknown,30,jul,827,2,17,1,unknown,0.6031,1,0.7479
CIF001032,28,admin.,single,primary,no,-92.47,no,no,unknown,3,feb,1554,1,-1,5,other,0.3586,0,0.559
CIF001033,63,admin.,married,secondary,no,8142.46,no,no,cellular,3,dec,1164,4,-1,3,success,0.5962,1,0.2023
CIF001034,37,student,single,unknown,no,144.15,yes,yes,cellular,16,sep,995,5,-1,4,success,0.6756,1,0.0063
CIF001035,22,entrepreneur,divorced,primary,no,-497.63,no,no,cellular,25,mar,506,2,-1,4,unknown,0.3471,0,0.7373
CIF001036,64,management,single,primary,no,2802.03,yes,no,telephone,16,dec,619,1,22,1,success,0.2162,1,0.5996
CIF001037,73,student,single,secondary,no,2255.56,no,yes,telephone,7,apr,265,4,-1,3,success,0.3217,1,0.4225
CIF001038,18,admin.,single,unknown,no,-2000.0,yes,no,cellular,17,feb,934,5,-1,1,other,0.664,0,0.2136
CIF001039,45,student,single,unknown,no,4868.03,no,no,cellular,29,nov,504,3,-1,3,unknown,0.6769,1,0.7619
CIF001040,69,retired,divorced,unknown,no,1217.42,yes,no,cellular,6,feb,526,2,11,4,unknown,0.7413,1,0.0709
CIF001041,61,management,divorced,unknown,no,-1832.79,no,no,telephone,14,jan,71,2,-1,5,other,0.1265,0,0.6427
CIF001042,71,entrepreneur,single,primary,no,5066.35,no,no,cellular,20,aug,1438,6,-1,5,failure,0.8185,1,0.6884
CIF001043,43,retired,divorced,secondary,no,3377.03,yes,no,telephone,12,apr,1690,7,-1,0,failure,0.6881,1,0.2233
CIF001044,41,blue-collar,married,tertiary,no,-2000.0,no,no,cellular,2,feb,896,6,-1,1,success,0.0305,0,0.4833
CIF001045,61,blue-collar,married,primary,no,6831.55,no,yes,unknown,21,feb,964,4,16,3,failure,0.3356,1,0.5202
CIF001046,27,student,married,unknown,no,3476.39,yes,yes,unknown,23,feb,1666,6,-1,1,other,0.4667,0,0.5913
CIF001047,32,blue-collar,divorced,tertiary,no,1469.41,yes,no,telephone,20,dec,920,3,-1,3,other,0.3606,1,0.9012
CIF001048,55,retired,single,unknown,no,6270.66,no,yes,unknown,20,sep,1120,1,-1,5,failure,0.1174,1,0.5464
CIF001049,59,student,single,secondary,no,1977.89,yes,no,telephone,20,nov,770,3,-1,1,unknown,0.2073,1,0.0673
CIF001050,25,management,married,tertiary,no,1415.75,no,yes,cellular,10,aug,925,5,-1,5,other,0.0246,1,0.345
CIF001051,49,blue-collar,single,primary,no,-480.9,no,no,cellular,1,jul,939,5,10,5,success,0.0931,0,0.6283
CIF001052,40,student,married,primary,no,3245.55,yes,no,cellular,30,mar,1279,7,-1,5,other,0.2663,1,0.3331
CIF001053,49,retired,single,tertiary,no,2929.81,no,yes,unknown,7,dec,1087,7,-1,0,failure,0.82,1,0.7679
CIF001054,77,management,single,primary,no,1544.04,no,no,unknown,25,oct,907,2,-1,1,failure,0.5266,1,0.1899
CIF001055,22,admin.,divorced,secondary,no,-869.96,yes,no,telephone,17,jul,136,1,3,0,unknown,0.4245,0,0.143
CIF001056,79,entrepreneur,divorced,unknown,no,1889.79,no,no,cellular,17,feb,1628,2,-1,0,failure,0.6622,1,0.231
CIF001057,45,entrepreneur,married,secondary,no,1290.6,yes,no,cellular,1,oct,1598,7,-1,0,success,0.5415,1,0.8761
CIF001058,65,blue-collar,divorced,secondary,no,-2000.0,yes,no,telephone,30,apr,332,6,-1,2,unknown,0.1315,0,0.6809
CIF001059,44,entrepreneur,single,secondary,no,-2000.0,no,no,cellular,16,mar,527,1,-1,0,success,0.2226,1,0.52
CIF001060,37,admin.,single,tertiary,no,3195.46,yes,no,cellular,25,sep,1752,2,27,1,success,0.2225,1,0.3003
CIF001061,65,retired,single,unknown,yes,-2000.0,yes,no,cellular,24,nov,577,4,-1,5,other,0.6,0,0.9186
CIF001062,60,entrepreneur,married,tertiary,no,2116.23,yes,no,telephone,5,aug,1461,5,-1,5,unknown,0.4616,1,0.8888
CIF001063,26,retired,married,secondary,no,65.75,no,no,cellular,29,jan,1414,7,-1,5,unknown,0.3876,0,0.3994
CIF001064,61,entrepreneur,single,secondary,no,5424.74,no,no,unknown,18,aug,1549,6,-1,0,failure,0.5566,1,0.7527
CIF001065,64,retired,divorced,primary,no,19.6,no,no,telephone,6,dec,28,2,-1,3,other,0.9701,1,0.9136
CIF001066,42,retired,single,primary,no,3478.45,yes,no,cellular,18,sep,869,1,-1,3,unknown,0.3142,1,0.3134
CIF001067,75,admin.,single,secondary,no,309.26,yes,no,cellular,19,apr,1017,5,-1,0,other,0.5202,1,0.3287
CIF001068,57,entrepreneur,divorced,secondary,no,1841.24,yes,no,unknown,20,aug,1506,4,14,5,other,0.4804,1,0.5458
CIF001069,38,retired,divorced,unknown,no,3710.51,yes,no,telephone,10,mar,404,7,14,2,unknown,0.7166,1,0.4084
CIF001070,18,management,single,unknown,no,112.33,no,no,unknown,29,nov,552,5,-1,5,failure,0.7303,1,0.7615
CIF001071,59,blue-collar,married,primary,no,4489.66,yes,no,unknown,8,nov,323,4,26,0,failure,0.7291,1,0.5369
CIF001072,30,retired,divorced,secondary,no,-1481.09,yes,no,unknown,15,jul,1371,3,28,3,failure,0.2015,0,0.2119
CIF001073,64,blue-collar,divorced,primary,no,2383.78,yes,no,unknown,26,feb,1797,1,-1,0,other,0.4491,1,0.3564
CIF001074,50,student,divorced,primary,no,4267.92,yes,no,unknown,3,may,252,7,-1,5,failure,0.8112,1,0.6712
CIF001075,46,retired,divorced,secondary,no,3480.11,yes,no,unknown,13,feb,419,6,-1,3,success,0.3815,1,0.0534
CIF001076,28,blue-collar,single,unknown,no,7249.33,yes,no,unknown,15,oct,552,2,-1,0,unknown,0.9843,1,0.3422
CIF001077,62,blue-collar,married,primary,no,-790.32,no,yes,cellular,24,sep,1600,5,-1,1,success,0.3648,0,0.0161
CIF001078,28,student,married,tertiary,yes,-2000.0,no,no,telephone,24,apr,802,3,-1,2,failure,0.4977,0,0.8209
CIF001079,43,management,divorced,secondary,no,-1483.01,no,no,unknown,24,nov,507,4,25,0,other,0.4745,1,0.1172
CIF001080,69,retired,single,tertiary,no,3481.33,yes,no,unknown,11,oct,580,6,-1,0,other,0.4337,1,0.0772
CIF001081,75,retired,single,unknown,no,2993.77,no,no,cellular,15,dec,1076,6,7,5,unknown,0.8456,1,0.7866
CIF001082,79,admin.,single,unknown,no,1806.77,no,no,cellular,1,apr,696,2,-1,5,success,0.1553,1,0.0895
CIF001083,77,retired,divorced,unknown,no,-1868.87,no,no,cellular,25,mar,252,3,-1,3,failure,0.5677,0,0.6843
CIF001084,52,entrepreneur,single,secondary,no,3800.6,no,no,unknown,10,jun,1476,6,16,5,failure,0.6186,1,0.3799
CIF001085,30,student,married,primary,no,-2000.0,yes,no,telephone,15,apr,760,7,-1,3,failure,0.8512,0,0.8217
CIF001086,70,blue-collar,divorced,unknown,no,4976.85,no,no,telephone,21,sep,462,1,-1,0,other,0.6092,1,0.1829
CIF001087,67,admin.,single,unknown,no,10072.32,no,no,cellular,24,jun,1311,6,-1,4,failure,0.96,1,0.0844
CIF001088,79,management,married,unknown,no,2599.35,no,no,cellular,3,aug,1341,4,-1,0,unknown,0.8722,1,0.2284
CIF001089,58,management,married,secondary,no,3249.32,no,no,unknown,24,mar,279,5,-1,4,unknown,0.3487,1,0.9321
CIF001090,26,management,single,secondary,no,21.42,no,no,cellular,12,feb,132,1,-1,2,other,0.8599,0,0.8291
CIF001091,49,blue-collar,divorced,primary,no,-2000.0,no,no,cellular,13,dec,81,5,-1,0,failure,0.9585,0,0.2858
CIF001092,45,entrepreneur,married,secondary,no,-308.16,yes,no,cellular,4,jun,1378,5,-1,1,unknown,0.2572,1,0.2061
CIF001093,70,student,married,secondary,no,-1778.69,no,no,cellular,22,feb,1126,5,-1,4,failure,0.6102,1,0.1568
CIF001094,42,retired,married,secondary,no,-2000.0,yes,yes,telephone,15,oct,1425,6,-1,5,other,0.2818,0,0.2212
CIF001095,38,student,married,unknown,no,6667.08,no,no,unknown,4,feb,1127,7,-1,3,other,0.6496,1,0.205
CIF001096,22,blue-collar,single,tertiary,no,2318.59,no,no,cellular,5,dec,723,6,-1,0,other,0.0936,1,0.8882
CIF001097,69,student,married,primary,no,2639.06,no,no,telephone,22,may,1061,6,-1,5,success,0.7342,1,0.02
CIF001098,64,entrepreneur,divorced,tertiary,no,572.93,yes,no,cellular,4,jun,1300,7,3,4,other,0.4198,0,0.8801
CIF001099,20,student,single,tertiary,no,981.39,no,no,telephone,16,apr,717,5,-1,2,other,0.5873,0,0.0414
CIF001100,44,student,single,tertiary,no,4393.65,yes,yes,cellular,21,feb,1647,5,-1,3,unknown,0.0259,1,0.8268
CIF001101,47,admin.,married,unknown,no,1402.99,yes,no,telephone,28,may,1619,4,-1,5,failure,0.6954,1,0.4257
CIF001102,47,student,married,unknown,no,3092.08,no,no,telephone,5,may,1441,6,25,2,success,0.496,1,0.0772
CIF001103,74,management,single,secondary,no,911.99,no,yes,telephone,9,jun,1786,1,-1,0,failure,0.6253,1,0.799
CIF001104,27,retired,married,secondary,no,473.54,yes,no,cellular,5,jun,702,4,-1,0,other,0.3157,0,0.2564
CIF001105,36,management,single,primary,no,-2000.0,no,no,cellular,27,aug,205,3,-1,3,other,0.1458,0,0.878
CIF001106,29,blue-collar,single,unknown,no,-2000.0,yes,no,cellular,18,jan,871,7,-1,5,success,0.4354,0,0.7523
CIF001107,33,student,single,unknown,no,715.31,no,no,unknown,30,may,1342,1,-1,4,unknown,0.944,1,0.9818
CIF001108,74,admin.,single,tertiary,no,1669.49,yes,yes,cellular,2,nov,1402,5,-1,3,failure,0.2278,1,0.8319
CIF001109,76,retired,divorced,primary,no,-2000.0,yes,no,telephone,22,dec,699,2,-1,1,unknown,0.6758,1,0.241
CIF001110,20,blue-collar,divorced,tertiary,no,1396.58,yes,no,telephone,1,jul,526,7,-1,2,failure,0.0498,1,0.4092
CIF001111,57,retired,married,unknown,no,1661.26,yes,no,telephone,4,may,801,6,-1,0,unknown,0.7181,1,0.6966
CIF001112,32,entrepreneur,single,primary,yes,-2000.0,yes,no,cellular,13,may,1446,2,8,2,unknown,0.2384,0,0.3161
CIF001113,29,blue-collar,divorced,tertiary,yes,-1245.37,yes,no,telephone,12,oct,109,7,-1,3,unknown,0.4515,0,0.5465
CIF001114,36,blue-collar,divorced,tertiary,no,2721.79,yes,no,unknown,11,may,590,4,22,5,failure,0.3678,1,0.2376
CIF001115,30,blue-collar,married,tertiary,no,2661.18,no,yes,unknown,3,dec,413,7,4,5,unknown,0.1128,0,0.663
CIF001116,48,student,divorced,tertiary,no,-1961.02,no,no,cellular,17,jan,1450,6,11,4,unknown,0.3456,1,0.3421
CIF001117,79,retired,divorced,unknown,yes,1975.34,yes,no,telephone,11,aug,845,1,3,0,failure,0.3501,1,0.0552
CIF001118,54,retired,single,primary,no,4567.22,no,no,cellular,30,jul,156,2,-1,4,success,0.5221,0,0.9678
CIF001119,62,management,divorced,tertiary,no,3831.22,no,no,unknown,24,jun,471,3,-1,1,success,0.9724,1,0.8439
CIF001120,48,entrepreneur,single,unknown,no,1214.14,yes,no,telephone,14,jun,79,2,-1,3,failure,0.47,1,0.3037
CIF001121,18,student,divorced,unknown,no,96.07,no,no,unknown,23,feb,856,1,-1,5,success,0.9144,0,0.1296
CIF001122,23,blue-collar,divorced,secondary,no,-388.03,no,no,unknown,18,may,1795,7,-1,5,unknown,0.4616,0,0.7352
CIF001123,34,student,divorced,unknown,no,2903.46,yes,no,cellular,15,may,1021,7,-1,3,success,0.1075,1,0.2207
CIF001124,33,entrepreneur,divorced,secondary,no,2085.31,no,yes,telephone,28,aug,1565,4,-1,1,unknown,0.2302,1,0.6055
CIF001125,70,entrepreneur,divorced,secondary,no,3388.21,yes,no,telephone,18,aug,1336,2,23,3,unknown,0.4075,1,0.7791
CIF001126,70,entrepreneur,single,unknown,no,1895.62,no,no,cellular,15,may,1589,2,-1,4,other,0.3254,1,0.2724
CIF001127,70,retired,single,secondary,no,3956.29,no,no,unknown,17,jul,559,7,-1,3,failure,0.8658,1,0.2846
CIF001128,57,retired,single,secondary,no,1783.78,yes,yes,telephone,24,jul,1712,3,-1,2,success,0.6786,1,0.0616
CIF001129,52,retired,divorced,tertiary,no,3854.07,no,no,cellular,23,jan,429,1,-1,2,failure,0.5783,1,0.3198
CIF001130,58,admin.,single,tertiary,no,4112.47,yes,no,telephone,17,nov,788,3,19,3,success,0.4912,1,0.5975
CIF001131,43,admin.,married,unknown,no,-913.58,yes,no,unknown,6,nov,1226,4,-1,0,success,0.3973,0,0.1558
CIF001132,59,student,divorced,tertiary,no,-2000.0,no,yes,telephone,20,may,516,5,-1,5,other,0.6122,1,0.9531
CIF001133,67,student,divorced,primary,no,6130.48,yes,no,unknown,13,oct,476,3,-1,0,unknown,0.1246,1,0.7224
CIF001134,65,admin.,divorced,primary,no,2269.98,no,no,unknown,28,may,234,7,-1,5,success,0.1625,1,0.2039
CIF001135,56,student,married,unknown,no,-2000.0,yes,no,telephone,28,jan,7,5,-1,0,other,0.3031,0,0.5306
CIF001136,21,blue-collar,divorced,secondary,no,-641.46,no,no,unknown,1,nov,902,7,28,3,failure,0.1712,0,0.3914
CIF001137,62,student,divorced,primary,no,3815.62,yes,no,telephone,30,apr,1776,3,-1,2,failure,0.6771,1,0.3824
CIF001138,40,student,married,primary,no,660.97,no,yes,telephone,28,may,396,5,-1,3,success,0.0248,1,0.56
CIF001139,64,management,married,primary,no,-36.18,yes,yes,unknown,28,jul,792,3,-1,2,success,0.1602,1,0.1082
CIF001140,51,blue-collar,married,primary,no,5702.65,yes,no,cellular,15,jun,1683,5,-1,5,failure,0.9026,1,0.2153
CIF001141,72,retired,divorced,unknown,no,-1641.86,no,no,unknown,9,apr,1390,6,29,0,other,0.9975,1,0.1497
CIF001142,38,admin.,divorced,tertiary,no,-894.46,no,no,telephone,19,oct,7,3,1,5,success,0.4876,0,0.174
CIF001143,75,entrepreneur,single,tertiary,no,2134.16,no,no,telephone,27,may,901,7,-1,4,success,0.4954,1,0.6552
CIF001144,70,management,single,primary,no,2671.36,yes,no,unknown,14,aug,257,7,-1,4,unknown,0.7734,1,0.9962
CIF001145,38,admin.,single,tertiary,no,2989.03,yes,no,telephone,30,aug,444,7,-1,0,success,0.0362,1,0.6511
CIF001146,47,entrepreneur,divorced,unknown,no,4233.71,no,no,unknown,8,dec,443,2,-1,0,other,0.427,1,0.9847
CIF001147,50,retired,married,unknown,no,2095.74,no,no,telephone,26,jun,1102,6,-1,2,success,0.0998,1,0.577
CIF001148,65,admin.,married,secondary,no,2968.15,no,no,cellular,2,jun,358,1,11,1,success,0.4009,1,0.2833
CIF001149,60,entrepreneur,married,tertiary,no,722.37,no,no,telephone,26,nov,453,1,-1,4,success,0.9838,1,0.8723
CIF001150,70,admin.,divorced,secondary,yes,1688.09,yes,no,cellular,29,jun,406,7,-1,5,unknown,0.7536,1,0.0672
CIF001151,40,management,single,unknown,no,1822.6,yes,no,unknown,22,apr,642,2,3,2,unknown,0.985,1,0.1024
CIF001152,49,admin.,divorced,unknown,no,2145.29,no,no,cellular,19,jan,1180,7,2,4,success,0.746,1,0.9476
CIF001153,44,blue-collar,divorced,primary,no,3817.62,no,no,telephone,13,apr,719,4,-1,0,unknown,0.6081,1,0.6502
CIF001154,74,management,married,secondary,no,3165.44,no,no,unknown,27,mar,589,3,-1,4,unknown,0.7542,1,0.929
CIF001155,36,blue-collar,divorced,primary,no,1632.65,no,no,cellular,4,apr,931,1,-1,0,other,0.6591,1,0.1329
CIF001156,54,blue-collar,married,tertiary,no,-927.38,no,yes,telephone,9,jul,1107,5,14,4,failure,0.4641,1,0.7683
CIF001157,25,student,divorced,secondary,no,1703.01,yes,no,telephone,4,jul,27,6,-1,2,other,0.2925,0,0.2348
CIF001158,70,retired,divorced,tertiary,no,1415.95,yes,no,telephone,9,mar,1602,4,-1,2,other,0.5202,1,0.3434
CIF001159,41,admin.,divorced,unknown,no,2079.54,yes,no,unknown,16,jun,1649,6,-1,1,unknown,0.2585,1,0.899
CIF001160,39,student,married,unknown,no,8119.58,no,no,cellular,11,jun,1084,3,-1,2,other,0.4867,1,0.4113
CIF001161,54,entrepreneur,divorced,primary,no,-71.32,no,no,telephone,13,jan,1034,4,-1,5,failure,0.1461,0,0.6705
CIF001162,48,admin.,divorced,primary,no,2766.87,yes,no,cellular,7,apr,1250,3,9,4,success,0.5654,1,0.8873
CIF001163,70,student,married,unknown,no,4705.39,no,no,telephone,11,sep,793,5,-1,2,unknown,0.2453,1,0.8709
CIF001164,50,entrepreneur,single,primary,no,1794.01,yes,no,unknown,15,jan,657,1,-1,1,failure,0.2936,1,0.0089
CIF001165,50,blue-collar,divorced,secondary,no,8513.54,yes,no,cellular,7,apr,634,4,29,3,success,0.499,1,0.1582
CIF001166,24,admin.,single,unknown,no,365.88,yes,no,telephone,29,jun,287,4,-1,4,failure,0.1625,0,0.9186
CIF001167,19,student,single,secondary,no,2472.27,no,no,cellular,27,feb,1514,4,-1,1,success,0.9624,1,0.5624
CIF001168,42,blue-collar,married,primary,no,-896.42,yes,no,cellular,27,aug,577,4,-1,4,unknown,0.4469,1,0.4802
CIF001169,79,management,single,unknown,no,445.43,no,no,unknown,1,sep,511,5,-1,5,unknown,0.3523,0,0.0653
CIF001170,74,blue-collar,divorced,tertiary,no,2246.8,yes,no,unknown,15,may,1735,4,-1,5,success,0.0292,1,0.0251
CIF001171,56,student,single,secondary,no,4038.91,no,no,unknown,24,mar,912,2,-1,3,failure,0.8433,1,0.9534
CIF001172,57,retired,divorced,tertiary,no,2457.28,yes,no,telephone,11,oct,1119,2,-1,1,success,0.6258,1,0.4739
CIF001173,42,management,divorced,tertiary,no,5277.34,no,yes,telephone,7,mar,441,5,-1,1,failure,0.4164,1,0.7864
CIF001174,29,entrepreneur,divorced,tertiary,no,1215.1,no,no,unknown,19,feb,499,7,-1,4,unknown,0.2455,0,0.22
CIF001175,18,management,single,unknown,no,503.49,no,no,telephone,1,jan,1311,6,15,2,success,0.7451,1,0.2371
CIF001176,39,entrepreneur,divorced,unknown,no,9611.96,yes,no,unknown,19,feb,811,5,-1,0,unknown,0.9455,1,0.5603
CIF001177,37,student,married,secondary,no,2682.71,no,no,cellular,14,nov,265,7,5,4,other,0.3808,1,0.876
CIF001178,29,retired,single,unknown,no,-658.44,yes,no,cellular,21,dec,1503,7,-1,0,unknown,0.1349,0,0.2886
CIF001179,34,admin.,married,unknown,no,-582.79,no,no,telephone,21,jul,724,4,-1,5,other,0.1092,1,0.3288
CIF001180,19,retired,divorced,primary,no,-1328.04,no,yes,cellular,17,dec,1203,1,-1,2,failure,0.0064,0,0.5506
CIF001181,55,blue-collar,divorced,secondary,no,4309.71,yes,yes,cellular,18,sep,614,5,-1,2,other,0.744,1,0.04
CIF001182,75,blue-collar,single,tertiary,no,406.87,yes,no,cellular,1,may,1009,5,-1,0,unknown,0.9814,1,0.3788
CIF001183,60,entrepreneur,single,unknown,no,1882.09,yes,no,cellular,30,sep,1396,2,-1,1,failure,0.9928,1,0.5563
CIF001184,45,blue-collar,single,tertiary,no,1309.47,no,no,unknown,3,jun,1593,6,-1,5,failure,0.7842,1,0.0048
CIF001185,44,student,divorced,tertiary,no,3694.48,yes,no,telephone,30,dec,373,7,-1,3,unknown,0.1622,1,0.638
CIF001186,37,student,married,secondary,no,-1040.23,yes,no,unknown,30,nov,1210,3,-1,5,failure,0.9777,1,0.051
CIF001187,26,admin.,divorced,primary,no,-1726.72,no,no,cellular,22,nov,1646,4,-1,5,unknown,0.3278,0,0.72
CIF001188,55,blue-collar,married,unknown,no,2172.89,no,no,cellular,23,jul,1156,2,-1,0,failure,0.3336,1,0.8017
CIF001189,53,entrepreneur,married,tertiary,no,3302.88,no,yes,telephone,1,jul,257,2,-1,2,failure,0.6873,1,0.8388
CIF001190,18,retired,divorced,secondary,no,2497.6,no,no,unknown,29,feb,341,2,-1,5,unknown,0.049,1,0.6734
CIF001191,43,management,divorced,unknown,no,-928.36,yes,no,unknown,16,aug,365,3,-1,2,other,0.8258,1,0.5616
CIF001192,35,retired,single,primary,no,3532.45,no,no,unknown,11,feb,191,2,-1,3,success,0.9973,1,0.3076
CIF001193,28,admin.,single,secondary,no,-731.58,no,no,telephone,21,jul,1356,2,-1,3,other,0.7751,1,0.4246
CIF001194,61,management,divorced,unknown,no,-64.62,no,no,unknown,17,feb,1737,4,-1,4,other,0.7817,1,0.0871
CIF001195,50,blue-collar,divorced,secondary,no,-1331.86,no,no,cellular,11,jun,930,5,-1,5,failure,0.3903,1,0.7071
CIF001196,57,blue-collar,divorced,unknown,no,5403.48,no,no,telephone,10,oct,1077,3,21,5,failure,0.0659,1,0.0247
CIF001197,62,retired,divorced,unknown,no,3400.26,yes,no,cellular,4,apr,1392,4,-1,3,other,0.7927,1,0.4134
CIF001198,78,admin.,single,primary,no,3314.98,no,no,cellular,28,aug,748,2,12,3,failure,0.5972,1,0.5062
CIF001199,67,admin.,married,secondary,no,5241.63,yes,no,telephone,20,apr,850,5,-1,2,unknown,0.9093,1,0.6501
CIF001200,56,entrepreneur,married,unknown,no,9937.95,yes,no,unknown,9,apr,1060,5,-1,0,success,0.116,1,0.3432
CIF001201,72,retired,single,secondary,no,-2000.0,no,no,cellular,22,mar,548,7,-1,4,other,0.3051,0,0.4428
CIF001202,47,management,single,primary,no,-715.13,no,no,unknown,21,feb,111,1,-1,0,unknown,0.3607,0,0.5874
CIF001203,79,admin.,divorced,primary,no,-348.53,no,no,telephone,5,may,1021,6,-1,4,success,0.6833,1,0.9232
CIF001204,65,retired,married,primary,no,-1052.46,yes,no,unknown,6,feb,1479,3,14,2,failure,0.7877,1,0.672
CIF001205,58,entrepreneur,divorced,primary,no,-1732.75,yes,no,cellular,7,nov,131,1,-1,4,failure,0.961,0,0.2544
CIF001206,74,retired,divorced,secondary,no,601.04,yes,no,unknown,4,sep,389,5,-1,5,failure,0.2954,1,0.8473
CIF001207,49,blue-collar,divorced,secondary,no,-2000.0,no,no,cellular,25,mar,473,2,-1,3,unknown,0.4936,1,0.0551
CIF001208,62,student,single,unknown,no,2505.13,no,no,telephone,5,nov,1448,2,-1,3,failure,0.029,1,0.2723
CIF001209,35,blue-collar,married,tertiary,yes,1655.09,no,no,unknown,25,may,908,7,9,2,failure,0.253,1,0.1082
CIF001210,77,student,single,primary,no,2943.09,no,no,unknown,16,jul,961,2,-1,2,other,0.374,1,0.447
CIF001211,56,entrepreneur,single,primary,yes,3023.19,yes,no,cellular,4,sep,1161,4,-1,0,unknown,0.5938,1,0.6369
CIF001212,66,retired,single,primary,no,3309.02,no,no,cellular,26,oct,497,2,23,0,other,0.4708,1,0.531
CIF001213,46,management,single,secondary,no,379.77,yes,no,telephone,6,jan,1284,1,26,4,unknown,0.3645,1,0.8113
CIF001214,71,admin.,single,tertiary,no,7863.43,no,yes,telephone,30,apr,54,1,-1,5,failure,0.6241,1,0.5675
CIF001215,22,admin.,single,primary,no,2203.29,no,no,cellular,1,may,204,1,-1,0,failure,0.8286,1,0.2327
CIF001216,25,entrepreneur,married,secondary,no,-2000.0,no,no,cellular,19,aug,1468,4,13,1,failure,0.2417,0,0.5364
CIF001217,49,blue-collar,single,secondary,no,-1507.13,no,no,cellular,10,nov,1184,4,-1,3,other,0.3429,1,0.7355
CIF001218,63,management,married,primary,no,-2000.0,yes,no,cellular,17,jun,317,1,-1,4,other,0.7049,1,0.503
CIF001219,68,admin.,single,primary,no,1552.0,no,no,telephone,26,jun,789,3,-1,4,success,0.7779,1,0.442
CIF001220,45,management,single,primary,no,1134.58,yes,yes,cellular,24,feb,93,2,21,4,success,0.8254,1,0.5291
CIF001221,58,blue-collar,divorced,primary,no,94.72,no,no,unknown,9,jul,1209,4,22,0,success,0.2093,0,0.5481
CIF001222,52,blue-collar,divorced,unknown,no,7532.78,no,no,unknown,2,jun,1360,7,-1,1,other,0.5393,1,0.3106
CIF001223,77,entrepreneur,single,unknown,no,3146.95,yes,no,cellular,9,aug,501,5,-1,2,other,0.9,1,0.8542
CIF001224,58,management,married,tertiary,no,3678.3,yes,no,unknown,25,nov,630,7,-1,0,other,0.392,1,0.2077
CIF001225,43,entrepreneur,divorced,unknown,no,-1293.22,yes,no,telephone,16,jul,426,2,-1,2,unknown,0.4299,1,0.0328
CIF001226,78,entrepreneur,married,unknown,no,-1497.43,no,no,cellular,23,jan,700,2,18,2,failure,0.9848,1,0.7415
CIF001227,24,entrepreneur,married,unknown,no,1610.42,yes,no,cellular,15,oct,490,6,-1,5,failure,0.1131,0,0.8423
CIF001228,79,entrepreneur,married,primary,no,2019.02,yes,no,telephone,16,jun,444,3,-1,1,unknown,0.7056,1,0.6427
CIF001229,27,entrepreneur,divorced,unknown,no,-2000.0,yes,no,unknown,2,jun,774,6,1,5,other,0.8502,0,0.4689
CIF001230,35,student,single,secondary,no,959.08,yes,no,cellular,1,nov,1546,4,-1,4,unknown,0.1508,0,0.9752
CIF001231,68,management,married,tertiary,no,1542.22,yes,no,cellular,22,aug,1372,2,14,4,other,0.7145,1,0.3708
CIF001232,63,entrepreneur,married,unknown,no,854.55,no,no,telephone,7,oct,535,6,-1,4,other,0.4697,1,0.4059
CIF001233,78,retired,single,secondary,no,-940.17,yes,no,unknown,11,nov,1697,4,10,5,success,0.8529,1,0.5911
CIF001234,64,management,divorced,secondary,no,-118.61,yes,no,cellular,12,jun,378,6,-1,1,failure,0.9075,1,0.4304
CIF001235,57,student,single,primary,no,969.42,no,no,unknown,19,dec,1639,4,-1,2,failure,0.8725,1,0.5553
CIF001236,39,management,married,primary,no,1772.4,yes,no,telephone,29,mar,556,1,-1,3,success,0.0644,1,0.9666
CIF001237,18,blue-collar,single,primary,no,3314.37,yes,yes,cellular,23,nov,972,5,-1,5,success,0.7569,1,0.2375
CIF001238,25,management,single,secondary,no,4742.57,no,no,unknown,20,nov,365,1,-1,0,success,0.9215,1,0.1486
CIF001239,36,retired,married,unknown,no,616.96,yes,no,cellular,26,feb,1371,5,-1,2,success,0.6213,1,0.4236
CIF001240,20,blue-collar,married,secondary,no,131.53,no,no,telephone,16,feb,571,3,-1,1,other,0.6009,0,0.504
CIF001241,49,blue-collar,married,tertiary,no,2812.97,yes,no,telephone,5,jan,1570,6,3,1,other,0.045,1,0.7132
CIF001242,66,management,single,primary,no,3332.53,yes,no,unknown,15,apr,149,7,-1,4,other,0.856,1,0.9552
CIF001243,77,student,married,tertiary,no,197.4,no,no,unknown,30,dec,903,3,-1,1,failure,0.0464,1,0.6887
CIF001244,48,entrepreneur,married,unknown,no,3871.18,no,no,unknown,24,feb,285,7,5,4,unknown,0.3135,1,0.9872
CIF001245,72,management,married,secondary,yes,4438.76,yes,no,telephone,11,jan,1600,1,-1,5,failure,0.9259,1,0.2463
CIF001246,79,management,divorced,secondary,no,5375.06,no,no,cellular,10,jun,750,1,7,4,failure,0.9497,1,0.2089
CIF001247,71,management,single,unknown,no,6834.96,yes,no,cellular,28,may,1214,7,-1,1,failure,0.9919,1,0.3065
CIF001248,46,admin.,divorced,tertiary,no,-1099.25,yes,yes,telephone,3,aug,1583,5,-1,0,success,0.4764,0,0.7871
CIF001249,38,entrepreneur,single,secondary,no,1541.69,no,no,telephone,28,aug,964,4,-1,2,other,0.1774,1,0.1865
CIF001250,78,student,married,primary,no,1533.83,no,no,cellular,21,oct,103,2,14,3,other,0.4879,0,0.1962
CIF001251,32,student,married,unknown,no,1205.78,no,no,cellular,25,may,397,3,-1,4,success,0.1023,1,0.4117
CIF001252,43,retired,divorced,tertiary,no,-447.79,no,no,telephone,10,jun,382,5,-1,2,success,0.8725,1,0.3175
CIF001253,22,admin.,single,primary,no,-2000.0,yes,no,unknown,20,jan,1645,6,26,1,failure,0.5605,0,0.6465
CIF001254,67,entrepreneur,married,tertiary,no,1778.04,yes,no,unknown,10,dec,1635,7,-1,5,success,0.4045,1,0.8902
CIF001255,58,admin.,single,unknown,no,-805.07,no,yes,unknown,1,mar,858,3,19,5,failure,0.0795,1,0.1387
CIF001256,23,blue-collar,single,unknown,no,1757.98,no,no,telephone,14,aug,1602,4,2,3,other,0.4052,1,0.5468
CIF001257,31,student,married,primary,no,-882.13,yes,no,unknown,30,nov,442,2,23,4,other,0.8662,1,0.0884
CIF001258,52,entrepreneur,divorced,secondary,no,-1798.98,yes,yes,telephone,8,aug,1223,1,21,5,failure,0.7034,1,0.2215
CIF001259,51,blue-collar,married,unknown,no,2202.9,no,no,telephone,5,aug,705,4,29,2,success,0.0825,1,0.3091
CIF001260,67,retired,married,unknown,no,1952.76,yes,yes,cellular,28,mar,432,5,-1,0,unknown,0.1599,1,0.5791
CIF001261,34,retired,divorced,tertiary,no,3237.85,no,yes,telephone,28,sep,450,1,10,3,failure,0.3923,1,0.5549
CIF001262,75,management,single,secondary,no,8057.59,no,no,cellular,26,mar,755,3,11,2,other,0.1014,1,0.6431
CIF001263,45,retired,married,unknown,no,2331.87,no,no,telephone,30,sep,611,5,-1,4,success,0.934,1,0.8189
CIF001264,69,retired,married,tertiary,no,2955.25,yes,no,unknown,30,jul,380,6,-1,4,success,0.6523,1,0.1872
CIF001265,32,management,single,tertiary,yes,-1732.68,yes,no,telephone,28,jun,601,7,26,2,unknown,0.0948,1,0.7434
CIF001266,20,student,divorced,unknown,no,-2000.0,yes,no,cellular,29,sep,231,3,-1,2,other,0.7881,0,0.667
CIF001267,21,blue-collar,married,secondary,no,6248.49,no,no,unknown,23,sep,1745,3,-1,2,other,0.3684,0,0.0797
CIF001268,41,entrepreneur,single,tertiary,no,-1270.44,no,no,unknown,10,mar,683,7,-1,3,failure,0.2449,0,0.3447
CIF001269,77,management,single,primary,no,-1631.83,yes,no,telephone,14,may,193,5,-1,3,other,0.57,0,0.0277
CIF001270,21,retired,divorced,tertiary,no,1382.7,yes,no,cellular,12,jun,1036,2,3,3,success,0.0134,0,0.0902
CIF001271,40,entrepreneur,divorced,tertiary,no,1229.42,no,no,cellular,16,feb,1589,5,-1,3,failure,0.4654,1,0.2838
CIF001272,24,entrepreneur,married,unknown,no,-1207.52,yes,no,cellular,21,may,647,2,-1,5,failure,0.8438,0,0.2431
CIF001273,75,admin.,single,secondary,no,585.08,no,no,unknown,8,jan,1521,4,15,1,success,0.9281,1,0.9002
CIF001274,59,management,divorced,unknown,no,5188.13,yes,no,cellular,1,jun,1099,3,-1,1,failure,0.3426,1,0.8938
CIF001275,65,admin.,single,tertiary,no,-917.98,yes,no,telephone,19,mar,1330,7,1,4,success,0.6424,1,0.5779
CIF001276,62,entrepreneur,married,primary,no,-2000.0,no,no,unknown,30,mar,533,1,-1,5,unknown,0.2268,0,0.735
CIF001277,58,entrepreneur,married,primary,no,4327.78,no,no,unknown,26,oct,66,6,15,3,failure,0.5602,0,0.9996
CIF001278,65,retired,single,primary,no,2976.89,no,no,cellular,1,feb,622,2,25,2,success,0.254,1,0.4102
CIF001279,18,entrepreneur,divorced,secondary,no,-361.56,yes,no,unknown,18,feb,1664,1,-1,2,other,0.5714,0,0.5224
CIF001280,71,admin.,married,tertiary,no,-2000.0,yes,no,unknown,16,apr,1423,5,-1,2,failure,0.1717,1,0.6511
CIF001281,63,management,married,unknown,no,-733.87,no,no,telephone,13,jan,1411,5,-1,0,success,0.9412,1,0.9206
CIF001282,63,blue-collar,married,unknown,no,1335.89,yes,no,cellular,21,nov,1580,1,-1,3,failure,0.8869,1,0.797
CIF001283,42,entrepreneur,single,tertiary,no,4997.02,no,yes,unknown,13,dec,671,1,1,1,other,0.3369,1,0.0644
CIF001284,67,blue-collar,married,secondary,no,-1609.75,yes,no,telephone,28,oct,579,1,-1,1,failure,0.7767,1,0.713
CIF001285,41,admin.,married,tertiary,no,1246.44,yes,no,telephone,28,oct,1665,3,-1,3,success,0.0955,1,0.2519
CIF001286,21,student,single,secondary,no,3525.43,no,yes,telephone,20,feb,1028,1,-1,5,failure,0.7404,1,0.2549
CIF001287,74,blue-collar,divorced,primary,no,-2000.0,no,no,cellular,14,jul,536,5,-1,1,failure,0.2825,1,0.5472
CIF001288,32,management,married,tertiary,no,4601.36,yes,no,telephone,18,feb,500,1,16,5,success,0.1356,1,0.6963
CIF001289,24,retired,single,unknown,no,-2000.0,yes,no,cellular,28,apr,1579,6,-1,3,success,0.6782,0,0.1592
CIF001290,56,entrepreneur,single,primary,no,2495.99,no,no,cellular,10,jun,96,7,-1,5,success,0.4698,0,0.3145
CIF001291,32,student,divorced,primary,no,2240.05,no,no,telephone,27,sep,111,6,-1,2,other,0.5301,1,0.7161
CIF001292,71,entrepreneur,divorced,primary,no,4753.76,no,no,cellular,18,apr,1328,7,15,5,success,0.5205,1,0.152
CIF001293,45,student,divorced,primary,no,3152.77,no,no,unknown,2,apr,2,7,-1,3,other,0.0594,0,0.8497
CIF001294,18,entrepreneur,married,primary,no,-2000.0,yes,no,unknown,23,oct,307,1,-1,4,failure,0.0514,0,0.456
CIF001295,77,admin.,divorced,primary,no,-854.34,yes,no,telephone,7,mar,1783,3,-1,3,success,0.6012,1,0.586
CIF001296,49,student,married,primary,no,1914.62,no,no,telephone,16,jun,766,6,-1,2,failure,0.6239,1,0.0804
CIF001297,34,student,divorced,secondary,no,915.06,yes,no,cellular,29,apr,1309,3,25,3,success,0.0472,1,0.9545
CIF001298,59,student,married,tertiary,no,2932.83,yes,no,cellular,24,nov,876,6,-1,5,unknown,0.3784,1,0.9075
CIF001299,50,admin.,married,primary,no,3868.1,no,yes,unknown,21,jul,163,6,-1,4,other,0.6129,1,0.1901
CIF001300,19,student,married,secondary,no,3325.36,no,no,telephone,3,feb,332,7,5,0,success,0.6567,1,0.6631
CIF001301,65,entrepreneur,married,unknown,no,857.18,yes,no,unknown,26,feb,1369,3,-1,4,success,0.8283,1,0.7931
CIF001302,42,student,single,primary,no,-2000.0,yes,no,cellular,11,dec,170,3,-1,5,other,0.4207,0,0.122
CIF001303,61,student,single,unknown,no,133.56,yes,no,cellular,2,dec,1070,1,-1,4,failure,0.5483,0,0.5775
CIF001304,73,blue-collar,divorced,tertiary,no,2749.1,yes,no,telephone,29,oct,626,2,-1,2,failure,0.5786,1,0.8505
CIF001305,55,entrepreneur,married,tertiary,no,-1771.34,no,no,unknown,6,jan,666,2,2,2,success,0.312,1,0.5067
CIF001306,59,blue-collar,married,secondary,no,3393.82,no,no,telephone,10,sep,1714,4,17,4,other,0.0538,1,0.9238
CIF001307,33,blue-collar,married,secondary,yes,4225.18,no,no,unknown,5,aug,1090,3,20,3,failure,0.0042,1,0.0478
CIF001308,32,management,married,secondary,no,1880.6,yes,no,cellular,19,dec,1107,6,18,2,unknown,0.8361,1,0.9192
CIF001309,43,entrepreneur,divorced,primary,no,-2000.0,yes,no,unknown,27,jun,630,6,-1,2,unknown,0.2002,0,0.9772
CIF001310,70,management,single,secondary,no,-2000.0,yes,no,telephone,16,jun,686,6,-1,2,success,0.6303,1,0.1559
CIF001311,50,retired,married,unknown,yes,7158.57,yes,no,cellular,27,aug,1234,1,-1,0,unknown,0.577,1,0.431
CIF001312,39,blue-collar,married,primary,no,-139.61,no,no,telephone,29,feb,70,4,25,0,success,0.3996,0,0.6208
CIF001313,66,admin.,divorced,tertiary,no,-2000.0,yes,no,unknown,27,sep,427,6,3,0,other,0.8335,1,0.8932
CIF001314,70,retired,single,tertiary,no,5205.74,yes,no,unknown,5,jun,1080,2,-1,2,success,0.6984,1,0.1595
CIF001315,73,blue-collar,married,primary,no,1540.07,yes,no,cellular,7,mar,1122,3,-1,3,unknown,0.0227,1,0.334
CIF001316,36,blue-collar,divorced,primary,no,4814.82,yes,no,unknown,9,oct,166,6,8,2,success,0.7767,1,0.7979
CIF001317,61,management,married,tertiary,no,2330.88,no,no,cellular,20,apr,1418,6,22,5,failure,0.507,1,0.41
CIF001318,54,blue-collar,married,primary,no,2875.68,no,no,telephone,26,nov,976,6,7,1,unknown,0.347,1,0.6049
CIF001319,45,blue-collar,divorced,unknown,no,2589.03,yes,no,telephone,10,apr,427,4,-1,2,unknown,0.7269,1,0.56
CIF001320,42,blue-collar,single,primary,no,3592.46,yes,no,unknown,20,jun,1353,3,-1,1,success,0.6861,1,0.9732
CIF001321,25,management,married,primary,no,8332.29,yes,no,telephone,6,jun,1783,3,-1,1,success,0.3106,1,0.1415
CIF001322,35,student,divorced,secondary,no,4413.02,no,no,cellular,17,sep,762,5,-1,3,failure,0.983,1,0.9484
CIF001323,52,student,married,secondary,no,-2000.0,yes,no,telephone,24,mar,510,3,24,1,other,0.6487,1,0.5642
CIF001324,72,retired,divorced,primary,no,2839.98,no,no,unknown,12,mar,538,3,-1,1,success,0.6058,1,0.9042
CIF001325,71,student,single,tertiary,no,4924.44,yes,no,unknown,5,mar,1066,2,-1,4,other,0.0699,1,0.1179
CIF001326,29,management,divorced,secondary,no,5108.1,no,no,cellular,13,mar,85,4,-1,4,unknown,0.2793,0,0.6415
CIF001327,60,entrepreneur,divorced,tertiary,no,220.19,yes,no,telephone,23,jun,870,2,-1,1,failure,0.447,0,0.8401
CIF001328,23,retired,divorced,primary,no,4994.83,yes,no,cellular,29,aug,44,4,-1,0,unknown,0.6306,1,0.7869
CIF001329,59,blue-collar,divorced,primary,no,4283.23,no,no,telephone,19,nov,69,7,-1,1,failure,0.5128,0,0.0099
CIF001330,39,retired,single,primary,no,9217.55,yes,no,telephone,21,jun,774,6,17,3,other,0.763,1,0.4522
CIF001331,45,student,married,primary,no,-750.01,yes,no,unknown,13,may,1341,4,-1,5,failure,0.2626,0,0.1153
CIF001332,62,entrepreneur,single,unknown,no,-22.2,no,yes,cellular,28,feb,1590,7,-1,0,failure,0.7022,1,0.1528
CIF001333,44,management,single,secondary,no,581.64,no,no,unknown,27,feb,157,7,-1,0,unknown,0.8166,1,0.7063
CIF001334,68,retired,divorced,secondary,no,29.33,no,no,unknown,30,oct,439,4,-1,3,failure,0.765,1,0.9566
CIF001335,51,retired,married,tertiary,no,-1170.06,yes,no,telephone,26,aug,758,6,1,5,unknown,0.7708,1,0.6341
CIF001336,79,blue-collar,divorced,primary,no,-2000.0,no,no,telephone,17,jul,1033,3,18,3,unknown,0.8885,1,0.1024
CIF001337,57,student,single,tertiary,no,195.9,yes,no,telephone,29,jun,1776,7,-1,5,unknown,0.0842,0,0.244
CIF001338,36,management,divorced,tertiary,no,2608.07,yes,yes,cellular,19,jul,1231,3,27,3,success,0.6972,1,0.3789
CIF001339,66,admin.,single,unknown,no,20.33,yes,no,unknown,19,nov,969,2,1,0,success,0.9687,1,0.1254
CIF001340,43,admin.,single,primary,no,7306.14,no,no,telephone,20,mar,109,1,-1,2,success,0.5737,0,0.848
CIF001341,51,retired,married,primary,no,1540.13,yes,no,cellular,6,jun,145,6,-1,4,unknown,0.2173,0,0.1945
CIF001342,26,entrepreneur,divorced,unknown,yes,5373.09,no,no,telephone,26,mar,275,3,-1,3,other,0.9988,1,0.1296
CIF001343,25,admin.,married,secondary,no,2284.26,no,no,unknown,11,feb,1189,6,17,1,success,0.1747,1,0.7257
CIF001344,53,management,married,primary,no,3979.22,no,yes,unknown,20,sep,596,1,-1,1,success,0.3356,1,0.1268
CIF001345,29,management,single,tertiary,no,2337.72,yes,yes,cellular,26,sep,433,4,-1,3,other,0.1721,1,0.4103
CIF001346,79,admin.,married,secondary,no,5606.35,no,no,unknown,4,nov,1206,3,1,2,failure,0.4645,1,0.5155
CIF001347,71,entrepreneur,divorced,unknown,no,1667.82,no,no,unknown,10,jan,1467,4,17,3,success,0.4189,1,0.0802
CIF001348,61,entrepreneur,single,unknown,no,2988.36,yes,no,cellular,29,mar,790,2,-1,2,unknown,0.4912,1,0.5558
CIF001349,63,retired,married,tertiary,no,2599.0,yes,no,telephone,11,jul,1587,1,6,2,failure,0.928,1,0.4802
CIF001350,54,management,married,primary,no,635.14,yes,no,unknown,20,oct,1321,3,-1,3,failure,0.4783,1,0.6684
CIF001351,21,admin.,married,tertiary,no,2714.95,no,no,cellular,17,dec,1289,4,18,0,unknown,0.5146,0,0.2191
CIF001352,42,management,single,primary,no,8203.16,no,yes,telephone,27,oct,1561,6,-1,2,success,0.8867,1,0.3566
CIF001353,48,student,single,unknown,no,688.81,yes,no,telephone,16,nov,330,4,-1,2,unknown,0.8178,1,0.6597
CIF001354,74,admin.,married,tertiary,no,2758.39,no,no,cellular,13,oct,1365,2,27,4,other,0.2397,1,0.0356
CIF001355,31,student,divorced,secondary,no,5273.34,yes,no,cellular,1,apr,1723,2,-1,4,unknown,0.0129,1,0.1158
CIF001356,48,admin.,single,unknown,no,4920.76,no,no,telephone,15,jul,1786,5,-1,2,unknown,0.6295,1,0.2836
CIF001357,39,management,single,tertiary,no,1535.15,yes,no,cellular,18,aug,1040,4,-1,1,failure,0.8448,1,0.1064
CIF001358,26,entrepreneur,single,secondary,no,-2000.0,yes,no,cellular,21,may,1357,7,-1,1,failure,0.5529,0,0.0395
CIF001359,24,retired,single,primary,no,3050.11,yes,yes,cellular,24,nov,1599,4,-1,1,success,0.2112,0,0.9874
CIF001360,40,student,married,tertiary,no,-2000.0,no,no,cellular,24,oct,1533,4,-1,1,success,0.7414,1,0.4558
CIF001361,23,student,divorced,secondary,no,5909.81,yes,no,telephone,14,jul,1616,1,6,4,success,0.6695,1,0.5337
CIF001362,22,student,married,primary,no,2008.42,no,no,cellular,3,jun,1498,2,10,0,success,0.565,0,0.2549
CIF001363,39,retired,married,primary,no,4499.02,yes,no,telephone,8,oct,686,6,-1,0,other,0.8633,1,0.0077
CIF001364,30,blue-collar,single,tertiary,yes,-1206.33,yes,yes,unknown,13,mar,1314,3,-1,3,success,0.7842,1,0.7507
CIF001365,52,entrepreneur,divorced,unknown,no,-2000.0,yes,no,telephone,30,mar,738,3,11,1,unknown,0.668,1,0.7238
CIF001366,19,retired,divorced,secondary,no,2282.26,no,no,unknown,24,may,1443,5,-1,4,failure,0.6648,1,0.9725
CIF001367,36,blue-collar,married,primary,no,1399.19,no,no,cellular,27,feb,1458,1,-1,4,success,0.6622,1,0.0211
CIF001368,46,management,single,tertiary,no,25.38,yes,no,unknown,30,jun,1682,4,-1,4,failure,0.5252,0,0.137
CIF001369,77,management,single,primary,no,1753.98,no,no,cellular,4,jun,1058,3,-1,2,other,0.4639,1,0.7121
CIF001370,57,student,married,primary,no,9802.31,no,no,cellular,1,jul,855,2,-1,2,failure,0.7096,1,0.3301
CIF001371,72,admin.,divorced,tertiary,no,4003.58,no,no,unknown,18,jun,297,3,3,2,failure,0.6105,1,0.0638
CIF001372,39,admin.,married,tertiary,no,4648.5,no,no,telephone,8,nov,1148,4,26,1,failure,0.49,1,0.301
CIF001373,45,admin.,married,primary,no,4031.81,no,no,unknown,27,apr,1019,2,-1,3,success,0.1267,1,0.0877
CIF001374,44,management,married,primary,no,5938.39,yes,no,unknown,14,may,926,4,-1,5,success,0.7019,1,0.8376
CIF001375,73,management,divorced,primary,no,929.78,yes,no,telephone,1,sep,1217,6,-1,1,failure,0.646,1,0.8769
CIF001376,77,management,married,tertiary,no,-2000.0,no,no,cellular,7,apr,1531,2,-1,0,unknown,0.3422,0,0.6369
CIF001377,77,blue-collar,divorced,tertiary,no,934.24,no,no,telephone,11,aug,267,7,6,3,unknown,0.3563,1,0.3856
CIF001378,64,blue-collar,divorced,tertiary,no,3935.21,no,yes,telephone,1,dec,776,5,-1,2,failure,0.2467,1,0.7688
CIF001379,49,entrepreneur,married,primary,no,-1409.4,yes,no,telephone,10,may,1300,6,24,4,other,0.9619,1,0.6316
CIF001380,51,admin.,married,unknown,no,970.9,yes,no,cellular,17,mar,1475,1,-1,5,other,0.8602,1,0.792
CIF001381,78,retired,divorced,primary,no,-575.31,yes,no,unknown,27,mar,1401,6,-1,5,success,0.561,1,0.5109
CIF001382,35,admin.,married,unknown,no,6006.09,no,no,telephone,20,jan,1438,3,-1,2,success,0.4017,1,0.9583
CIF001383,39,retired,single,unknown,no,3748.37,yes,no,unknown,3,apr,1539,5,-1,5,success,0.7368,1,0.29
CIF001384,73,entrepreneur,divorced,secondary,no,3454.62,yes,no,telephone,13,nov,1731,6,18,0,unknown,0.5277,1,0.6042
CIF001385,41,student,married,unknown,no,3364.8,yes,no,telephone,24,apr,1094,2,-1,2,failure,0.9759,1,0.8081
CIF001386,32,retired,single,tertiary,no,1388.25,no,yes,cellular,12,dec,448,2,-1,1,other,0.0551,1,0.8939
CIF001387,52,entrepreneur,single,unknown,no,2092.67,no,no,unknown,17,dec,1014,1,-1,5,success,0.0343,1,0.9467
CIF001388,38,retired,single,primary,no,-2000.0,yes,no,cellular,30,sep,1277,5,-1,3,unknown,0.5686,1,0.395
CIF001389,73,admin.,divorced,primary,no,-2000.0,yes,no,cellular,5,dec,181,6,9,2,unknown,0.2033,0,0.6993
CIF001390,74,blue-collar,single,unknown,no,1950.24,yes,no,unknown,15,may,1362,3,-1,0,other,0.6043,1,0.2902
CIF001391,36,entrepreneur,married,unknown,no,2471.97,yes,no,telephone,19,dec,979,2,-1,4,other,0.7814,1,0.6494
CIF001392,50,student,divorced,tertiary,no,5127.79,no,yes,telephone,24,jul,1685,3,-1,3,unknown,0.1381,1,0.1842
CIF001393,79,retired,single,secondary,no,6214.01,yes,yes,cellular,26,jan,381,3,-1,5,failure,0.4406,1,0.4215
CIF001394,64,entrepreneur,married,secondary,no,6210.0,yes,no,cellular,9,oct,1632,7,-1,2,other,0.6887,1,0.9202
CIF001395,31,blue-collar,single,secondary,no,-1494.07,no,no,telephone,15,dec,806,1,-1,0,failure,0.8339,1,0.8109
CIF001396,54,student,married,secondary,no,443.2,yes,no,cellular,25,nov,1032,3,-1,2,unknown,0.4963,1,0.4965
CIF001397,56,management,single,tertiary,no,2941.0,no,no,telephone,26,jun,1188,5,-1,3,failure,0.2062,1,0.1468
CIF001398,58,admin.,divorced,unknown,no,9095.71,no,no,unknown,25,feb,1042,2,-1,1,failure,0.5858,1,0.3986
CIF001399,19,blue-collar,married,secondary,no,5940.3,no,no,telephone,21,aug,1626,7,21,0,failure,0.4545,1,0.1387
CIF001400,36,student,divorced,unknown,no,4858.19,no,yes,telephone,9,nov,301,7,-1,4,other,0.7719,1,0.0685
CIF001401,70,student,divorced,primary,no,336.64,yes,no,cellular,12,nov,1313,3,-1,3,other,0.5556,0,0.9065
CIF001402,32,student,divorced,unknown,no,-1149.6,yes,no,telephone,20,aug,1754,6,-1,2,success,0.2794,0,0.4914
CIF001403,36,admin.,single,tertiary,no,3866.72,yes,yes,unknown,8,oct,396,6,-1,3,unknown,0.7544,1,0.0894
CIF001404,37,retired,married,tertiary,yes,-1801.98,yes,no,telephone,21,jan,459,5,15,4,failure,0.5177,0,0.7167
CIF001405,28,admin.,married,secondary,no,784.69,no,no,unknown,16,aug,855,2,-1,0,unknown,0.1775,0,0.0742
CIF001406,27,retired,divorced,secondary,no,1155.67,yes,yes,unknown,14,feb,1304,1,-1,2,unknown,0.5631,0,0.3962
CIF001407,39,student,single,secondary,no,6278.74,yes,no,unknown,11,sep,1726,3,21,1,failure,0.9483,1,0.2303
CIF001408,72,entrepreneur,single,unknown,no,435.91,yes,no,telephone,24,jan,1432,1,14,0,unknown,0.7055,1,0.1646
CIF001409,18,blue-collar,divorced,primary,no,-2000.0,yes,no,cellular,14,aug,1429,3,11,0,success,0.2988,0,0.5335
CIF001410,35,retired,divorced,tertiary,no,3013.33,yes,no,cellular,10,dec,794,5,-1,2,failure,0.7109,1,0.7197
CIF001411,21,admin.,divorced,unknown,no,-597.07,yes,no,unknown,12,feb,1161,5,-1,3,success,0.2826,0,0.4872
CIF001412,52,management,divorced,tertiary,no,1627.89,yes,no,telephone,15,jun,380,2,-1,3,success,0.5427,1,0.8208
CIF001413,33,blue-collar,divorced,tertiary,no,1239.89,yes,no,unknown,19,jan,833,1,-1,4,other,0.5266,1,0.9174
CIF001414,67,entrepreneur,married,tertiary,no,678.89,yes,no,unknown,30,sep,340,2,-1,2,failure,0.2474,1,0.8072
CIF001415,54,retired,married,tertiary,no,3871.02,no,no,telephone,11,dec,48,4,6,3,unknown,0.3479,1,0.9565
CIF001416,66,student,married,tertiary,no,-2000.0,yes,no,cellular,6,jan,1541,6,-1,4,other,0.9422,1,0.929
CIF001417,57,entrepreneur,single,unknown,no,-51.04,yes,yes,unknown,30,jul,1448,3,-1,3,failure,0.2506,1,0.8325
CIF001418,45,blue-collar,single,tertiary,no,3552.11,yes,no,cellular,5,oct,919,3,-1,5,other,0.801,1,0.2926
CIF001419,71,student,divorced,unknown,no,-342.25,yes,no,telephone,28,jan,26,4,-1,1,other,0.6674,1,0.1743
CIF001420,47,entrepreneur,divorced,tertiary,no,-2000.0,no,yes,cellular,5,jun,162,1,-1,4,other,0.5326,0,0.727
CIF001421,76,blue-collar,divorced,unknown,no,3505.67,yes,yes,cellular,11,feb,201,2,5,4,success,0.1375,1,0.8455
CIF001422,79,student,married,unknown,no,4869.28,yes,no,telephone,30,dec,1290,1,-1,3,success,0.2046,1,0.8231
CIF001423,54,student,divorced,primary,no,1365.01,yes,no,telephone,5,jul,366,4,3,0,failure,0.179,1,0.6436
CIF001424,59,blue-collar,divorced,unknown,no,-2000.0,no,no,telephone,5,jul,450,4,-1,3,failure,0.5868,0,0.8299
CIF001425,33,admin.,divorced,tertiary,no,3617.91,no,no,telephone,19,dec,1549,5,2,5,other,0.9734,1,0.7072
CIF001426,68,admin.,single,secondary,no,-2000.0,yes,no,telephone,6,oct,1577,5,-1,3,success,0.8772,1,0.6654
CIF001427,59,management,divorced,unknown,no,2426.4,yes,no,cellular,1,apr,1373,3,4,0,unknown,0.0253,1,0.0466
CIF001428,73,blue-collar,single,primary,no,-1162.39,yes,no,cellular,21,aug,557,7,2,1,failure,0.2737,0,0.4605
CIF001429,34,management,married,tertiary,no,-1979.52,no,no,unknown,29,apr,1043,7,-1,3,other,0.1573,0,0.0338
CIF001430,66,retired,single,tertiary,no,174.27,yes,no,unknown,23,jul,360,1,-1,4,unknown,0.9757,1,0.0924
CIF001431,47,admin.,married,unknown,no,950.11,yes,no,telephone,29,oct,1544,7,16,2,failure,0.2356,0,0.541
CIF001432,29,student,divorced,tertiary,no,-432.62,no,no,cellular,16,dec,152,2,-1,5,other,0.2013,0,0.0475
CIF001433,28,admin.,married,tertiary,no,3266.11,yes,no,unknown,19,dec,1339,2,4,4,failure,0.6209,1,0.9132
CIF001434,52,admin.,married,tertiary,no,161.79,yes,yes,unknown,30,jun,920,4,25,1,success,0.5562,0,0.4503
CIF001435,37,retired,single,tertiary,no,4440.57,no,no,cellular,16,nov,1363,1,17,1,other,0.2259,1,0.7
CIF001436,24,management,single,unknown,no,2343.52,no,no,cellular,2,nov,811,3,-1,5,failure,0.6704,1,0.1478
CIF001437,44,student,single,unknown,no,-592.67,yes,no,cellular,8,jul,284,2,-1,3,other,0.097,1,0.8476
CIF001438,58,management,married,primary,no,-1097.82,yes,no,unknown,19,jan,1352,4,29,5,failure,0.0194,0,0.4781
CIF001439,37,entrepreneur,single,tertiary,no,-2000.0,no,no,unknown,26,feb,1135,6,-1,5,failure,0.0824,1,0.5588
CIF001440,77,retired,divorced,secondary,no,2372.2,yes,no,telephone,19,aug,836,7,-1,2,unknown,0.3649,1,0.6485
CIF001441,66,retired,married,primary,no,436.24,no,no,cellular,13,oct,670,2,-1,0,failure,0.975,1,0.5399
CIF001442,49,retired,divorced,unknown,no,-2000.0,no,yes,telephone,10,nov,618,4,9,5,success,0.5472,0,0.5632
CIF001443,75,entrepreneur,married,unknown,no,-107.14,yes,no,cellular,21,mar,866,4,-1,3,unknown,0.7547,1,0.7445
CIF001444,44,student,married,unknown,no,-1203.1,no,no,cellular,27,nov,470,3,-1,0,failure,0.3215,1,0.8065
CIF001445,26,blue-collar,divorced,secondary,no,6227.03,no,no,cellular,9,oct,508,5,-1,3,success,0.7193,1,0.3062
CIF001446,20,entrepreneur,married,secondary,no,-2000.0,yes,no,cellular,17,jun,500,7,6,0,other,0.9662,0,0.922
CIF001447,76,blue-collar,single,unknown,no,-2000.0,yes,no,cellular,13,may,22,3,-1,1,success,0.3578,0,0.3539
CIF001448,77,blue-collar,single,primary,no,4829.91,no,no,unknown,8,jun,1670,1,17,2,success,0.9991,1,0.2723
CIF001449,63,blue-collar,single,primary,no,5570.29,yes,no,telephone,13,sep,425,7,4,2,success,0.6384,1,0.3114
CIF001450,24,management,single,secondary,no,-734.95,yes,no,telephone,3,oct,297,7,27,3,failure,0.7486,1,0.3585
CIF001451,36,retired,single,tertiary,no,-396.26,yes,no,telephone,16,mar,272,3,19,5,failure,0.2522,1,0.3169
CIF001452,20,entrepreneur,divorced,secondary,no,3348.71,yes,yes,unknown,4,may,1778,4,-1,2,success,0.6431,1,0.8438
CIF001453,21,student,single,primary,no,-2000.0,no,no,unknown,15,feb,858,7,-1,4,unknown,0.511,0,0.5612
CIF001454,33,entrepreneur,single,tertiary,no,-2000.0,yes,no,telephone,27,dec,588,4,-1,5,other,0.9564,1,0.9676
CIF001455,53,entrepreneur,divorced,unknown,no,657.8,no,no,unknown,5,may,727,4,29,4,failure,0.9047,1,0.084
CIF001456,22,admin.,single,secondary,no,6149.67,no,no,telephone,8,apr,159,7,-1,1,other,0.3967,0,0.614
CIF001457,79,student,divorced,secondary,no,192.81,yes,yes,cellular,22,mar,564,6,-1,4,unknown,0.9469,1,0.096
CIF001458,46,admin.,divorced,secondary,no,1802.81,no,no,unknown,28,jan,447,4,15,1,failure,0.8848,1,0.4589
CIF001459,34,admin.,divorced,secondary,no,4901.37,yes,yes,unknown,29,jun,1445,2,-1,2,failure,0.5904,1,0.3827
CIF001460,49,student,single,tertiary,no,7820.65,yes,no,telephone,4,oct,105,4,15,3,failure,0.0821,1,0.6808
CIF001461,66,management,single,secondary,no,-230.55,no,no,telephone,8,apr,765,5,-1,1,success,0.1608,0,0.7454
CIF001462,37,admin.,married,tertiary,no,1449.49,yes,no,unknown,30,may,1422,2,-1,0,success,0.0769,1,0.2381
CIF001463,20,entrepreneur,married,primary,no,6966.17,no,no,telephone,16,aug,1500,4,-1,5,other,0.108,1,0.1937
CIF001464,21,management,married,tertiary,no,-2000.0,no,yes,telephone,26,may,922,5,-1,4,other,0.977,0,0.4195
CIF001465,70,admin.,single,primary,no,4582.74,yes,no,unknown,1,sep,400,1,-1,0,unknown,0.2122,1,0.242
CIF001466,24,retired,married,secondary,no,-1554.95,yes,no,cellular,4,apr,606,4,21,2,other,0.6909,0,0.6766
CIF001467,57,retired,married,unknown,yes,1807.42,yes,no,telephone,7,jun,400,6,-1,1,failure,0.6365,1,0.5177
CIF001468,41,admin.,single,secondary,no,772.14,no,no,unknown,3,dec,1191,2,-1,5,failure,0.6311,1,0.827
CIF001469,66,management,single,tertiary,yes,-1374.03,yes,no,cellular,27,nov,526,4,18,5,unknown,0.2067,0,0.9813
CIF001470,21,blue-collar,married,secondary,no,-1449.31,no,no,cellular,25,jul,1135,5,8,4,success,0.5793,0,0.3781
CIF001471,73,retired,single,unknown,no,2329.24,yes,no,telephone,12,may,1180,1,-1,2,other,0.6255,1,0.912
CIF001472,61,entrepreneur,single,unknown,no,4486.62,yes,no,cellular,3,dec,1691,5,24,0,failure,0.5704,1,0.7772
CIF001473,45,blue-collar,married,unknown,no,1110.79,yes,no,telephone,4,jun,666,2,-1,1,other,0.1862,1,0.1491
CIF001474,30,management,married,secondary,no,1710.34,yes,no,cellular,8,may,1730,3,-1,0,unknown,0.7231,1,0.8359
CIF001475,78,entrepreneur,married,secondary,no,3213.52,no,yes,telephone,22,aug,721,5,-1,4,other,0.0732,1,0.4815
CIF001476,36,entrepreneur,divorced,tertiary,no,-1414.86,yes,no,telephone,25,may,1225,1,9,0,failure,0.5912,0,0.7092
CIF001477,48,student,married,unknown,no,3719.08,yes,no,cellular,17,nov,1190,1,-1,4,failure,0.4363,1,0.7026
CIF001478,42,management,married,tertiary,yes,3958.03,no,yes,telephone,28,mar,1472,4,-1,5,unknown,0.2503,1,0.886
CIF001479,32,entrepreneur,married,tertiary,no,9310.88,no,no,cellular,28,jan,844,7,6,1,other,0.8074,1,0.7612
CIF001480,43,blue-collar,single,unknown,no,371.69,no,no,cellular,24,jun,1426,1,-1,4,success,0.1759,0,0.8246
CIF001481,27,management,divorced,unknown,no,125.75,no,no,telephone,3,dec,639,6,-1,5,other,0.933,0,0.3209
CIF001482,18,admin.,married,secondary,no,3806.9,yes,no,cellular,27,jan,884,1,4,2,failure,0.8846,1,0.9731
CIF001483,35,student,divorced,primary,no,3957.31,no,yes,unknown,28,oct,899,4,-1,2,unknown,0.3606,1,0.6616
CIF001484,24,admin.,married,secondary,no,-105.26,yes,no,cellular,17,jan,1268,4,-1,1,success,0.3052,0,0.7737
CIF001485,43,retired,single,tertiary,no,290.51,yes,no,telephone,18,jul,1113,4,-1,2,unknown,0.1375,0,0.8589
CIF001486,71,entrepreneur,married,unknown,no,3123.39,no,no,cellular,24,jun,140,1,27,5,success,0.9163,1,0.1238
CIF001487,28,retired,married,secondary,no,-982.75,yes,no,telephone,18,feb,1456,6,-1,3,unknown,0.6275,0,0.3364
CIF001488,18,entrepreneur,single,primary,no,268.4,yes,yes,cellular,11,sep,1364,2,-1,1,unknown,0.0318,0,0.8359
CIF001489,24,admin.,single,secondary,no,1768.78,yes,no,unknown,21,mar,188,6,-1,3,success,0.511,0,0.922
CIF001490,49,student,divorced,tertiary,no,4487.82,no,no,cellular,24,jun,1731,5,-1,4,success,0.0858,1,0.7561
CIF001491,35,retired,single,primary,no,-313.8,no,no,telephone,5,jul,1189,4,29,0,unknown,0.5738,1,0.4823
CIF001492,48,admin.,married,secondary,no,-2000.0,yes,no,unknown,21,jul,152,3,-1,4,unknown,0.509,0,0.2511
CIF001493,19,admin.,single,secondary,no,-2000.0,no,no,telephone,6,jan,884,5,-1,1,other,0.0828,0,0.525
CIF001494,38,management,divorced,unknown,no,-2000.0,yes,no,unknown,18,jun,1505,7,-1,1,unknown,0.8159,1,0.3973
CIF001495,43,student,single,tertiary,no,-2000.0,yes,no,cellular,4,aug,503,7,-1,2,unknown,0.2623,1,0.8856
CIF001496,44,management,single,tertiary,yes,1036.17,no,yes,cellular,30,jul,1679,7,-1,3,other,0.5415,1,0.5673
CIF001497,52,admin.,single,tertiary,no,-2000.0,no,yes,unknown,21,sep,753,2,29,5,success,0.639,1,0.3921
CIF001498,66,retired,single,primary,no,-608.26,no,no,cellular,15,oct,407,5,1,1,unknown,0.9623,1,0.4985
CIF001499,46,entrepreneur,divorced,secondary,no,-822.26,yes,yes,telephone,16,mar,641,3,-1,1,other,0.4938,1,0.9336
CIF001500,70,management,single,unknown,no,178.48,yes,no,cellular,19,oct,944,7,-1,2,failure,0.9173,1,0.6133
CIF001501,50,entrepreneur,single,tertiary,no,5467.51,no,no,telephone,4,nov,1238,7,-1,5,success,0.3549,1,0.229
CIF001502,34,admin.,single,tertiary,no,3485.84,yes,no,telephone,16,nov,1670,7,-1,5,success,0.8574,1,0.5001
CIF001503,32,admin.,single,unknown,no,1548.39,no,no,unknown,22,nov,350,2,-1,2,failure,0.2358,1,0.4657
CIF001504,37,management,divorced,tertiary,no,116.92,no,no,telephone,8,mar,1728,3,-1,4,failure,0.7075,1,0.3104
CIF001505,55,management,divorced,tertiary,no,200.3,no,no,unknown,15,aug,949,5,5,5,success,0.0886,0,0.7363
CIF001506,33,blue-collar,divorced,primary,no,2483.24,no,no,unknown,10,jun,230,6,19,5,failure,0.9861,1,0.2683
CIF001507,74,admin.,single,primary,no,3252.51,yes,no,unknown,5,dec,1667,3,-1,4,unknown,0.9539,1,0.4925
CIF001508,47,retired,divorced,primary,no,-1222.85,yes,no,unknown,30,oct,628,1,22,3,success,0.4422,0,0.441
CIF001509,71,admin.,married,secondary,no,1609.44,no,no,telephone,18,feb,1117,1,-1,5,success,0.5239,1,0.4669
CIF001510,60,blue-collar,married,tertiary,no,-2000.0,no,no,telephone,12,dec,1256,5,-1,1,success,0.5978,0,0.5668
CIF001511,38,entrepreneur,married,unknown,no,2135.14,no,no,cellular,11,sep,24,4,15,2,success,0.275,0,0.6833
CIF001512,32,retired,single,secondary,no,3786.45,yes,no,cellular,21,jul,398,4,-1,4,success,0.6745,1,0.143
CIF001513,64,student,divorced,tertiary,no,659.79,yes,no,telephone,4,jun,1235,6,-1,0,other,0.6986,1,0.2883
CIF001514,38,management,married,unknown,no,6949.58,yes,no,telephone,18,jun,584,1,3,3,other,0.5251,1,0.7728
CIF001515,33,student,married,tertiary,no,-1143.72,no,no,cellular,7,oct,16,6,-1,5,other,0.1477,0,0.9077
CIF001516,75,management,single,secondary,no,2152.32,no,no,unknown,27,oct,41,2,16,1,unknown,0.9192,1,0.0447
CIF001517,47,student,divorced,secondary,no,1392.53,yes,no,unknown,24,jul,1487,7,-1,4,unknown,0.115,1,0.0734
CIF001518,21,blue-collar,married,tertiary,no,1199.11,yes,no,cellular,23,dec,276,7,14,2,failure,0.6292,1,0.9338
CIF001519,48,admin.,divorced,secondary,no,1157.03,yes,no,cellular,5,mar,180,4,-1,5,success,0.1031,0,0.1479
CIF001520,46,retired,married,primary,no,1821.32,yes,no,unknown,3,jun,1012,3,-1,3,unknown,0.1461,1,0.9793
CIF001521,71,student,married,tertiary,no,4043.88,yes,no,cellular,14,aug,214,2,-1,0,unknown,0.0205,1,0.8282
CIF001522,62,retired,single,tertiary,no,5633.21,yes,no,cellular,11,feb,1175,2,15,4,unknown,0.3634,1,0.1207
CIF001523,29,entrepreneur,divorced,secondary,no,1493.25,yes,no,cellular,22,jun,979,7,-1,0,success,0.6396,1,0.1025
CIF001524,27,entrepreneur,divorced,primary,no,3945.95,yes,no,unknown,22,nov,1168,2,17,1,other,0.5215,0,0.9773
CIF001525,55,admin.,married,unknown,yes,-605.3,no,no,cellular,12,sep,884,4,-1,5,failure,0.6745,1,0.2548
CIF001526,20,entrepreneur,married,secondary,no,3797.87,no,no,cellular,5,sep,1401,4,-1,5,success,0.675,1,0.5387
CIF001527,37,retired,single,tertiary,no,-785.97,no,no,telephone,10,feb,1160,5,-1,0,unknown,0.1402,0,0.2362
CIF001528,26,admin.,single,primary,no,4771.98,no,no,telephone,16,feb,747,6,-1,2,unknown,0.0573,1,0.6007
CIF001529,19,entrepreneur,married,secondary,no,8131.92,no,no,unknown,8,jun,27,4,24,0,success,0.6254,0,0.84
CIF001530,74,blue-collar,single,tertiary,no,1133.75,no,no,cellular,10,apr,492,6,-1,1,failure,0.6532,1,0.6569
CIF001531,23,entrepreneur,married,primary,no,-2000.0,yes,no,cellular,8,jan,236,4,-1,5,unknown,0.5567,0,0.0466
CIF001532,18,retired,divorced,secondary,no,-144.22,no,no,telephone,2,jul,28,4,-1,1,unknown,0.2458,0,0.5952
CIF001533,75,student,married,tertiary,no,5195.63,yes,no,telephone,19,oct,491,2,-1,3,other,0.8108,1,0.661
CIF001534,29,entrepreneur,single,unknown,no,3159.23,no,no,telephone,30,sep,371,2,-1,4,success,0.0757,0,0.2009
CIF001535,68,retired,single,secondary,no,2246.74,yes,no,cellular,29,feb,138,4,20,5,other,0.6323,1,0.7621
CIF001536,19,retired,married,primary,no,4526.01,no,no,telephone,28,oct,562,1,-1,2,failure,0.1204,1,0.6269
CIF001537,27,student,single,primary,yes,2953.36,yes,no,unknown,20,may,911,3,-1,4,other,0.6544,1,0.0095
CIF001538,24,retired,married,tertiary,no,5153.18,yes,no,unknown,23,feb,320,4,-1,2,other,0.4177,0,0.9506
CIF001539,61,management,single,tertiary,no,4258.27,yes,no,unknown,2,jun,491,4,-1,0,failure,0.7181,1,0.4456
CIF001540,56,retired,single,tertiary,no,6065.1,no,no,cellular,7,mar,36,6,-1,1,unknown,0.0522,1,0.2324
CIF001541,47,blue-collar,married,secondary,no,2576.39,yes,no,unknown,22,sep,90,7,-1,4,other,0.5551,1,0.0862
CIF001542,32,retired,married,primary,yes,4215.78,yes,no,unknown,30,sep,283,6,-1,4,failure,0.1449,1,0.3744
CIF001543,23,retired,married,primary,no,578.62,no,no,telephone,28,sep,815,1,6,3,failure,0.6824,0,0.3078
CIF001544,53,management,divorced,primary,no,-304.38,yes,yes,cellular,19,feb,1198,3,26,4,other,0.12,0,0.298
CIF001545,32,admin.,married,secondary,no,6620.3,yes,no,telephone,4,may,1419,6,26,4,failure,0.0736,1,0.7932
CIF001546,54,management,divorced,secondary,no,2148.61,no,no,unknown,29,jun,1133,5,12,2,other,0.7131,1,0.6459
CIF001547,60,retired,single,primary,no,3914.64,yes,no,telephone,10,dec,1110,4,-1,1,unknown,0.0635,1,0.1331
CIF001548,70,blue-collar,divorced,tertiary,no,1871.22,yes,no,cellular,2,jul,1684,4,5,5,failure,0.2245,1,0.7081
CIF001549,48,retired,divorced,secondary,no,-259.55,no,yes,cellular,24,aug,460,3,-1,5,failure,0.8247,1,0.7235
CIF001550,18,student,married,unknown,no,1532.95,no,no,telephone,6,may,1436,5,-1,0,failure,0.8097,1,0.5143
CIF001551,35,management,single,secondary,no,5807.98,yes,no,unknown,10,apr,1686,2,-1,4,unknown,0.8541,1,0.9958
CIF001552,70,student,divorced,primary,no,3165.72,yes,no,telephone,21,oct,1021,4,-1,0,other,0.3261,1,0.2835
CIF001553,51,student,married,tertiary,no,-2000.0,no,no,unknown,29,nov,1512,2,26,5,success,0.528,0,0.0585
CIF001554,56,entrepreneur,single,tertiary,no,854.27,yes,no,unknown,28,jan,247,5,16,3,success,0.7733,1,0.0288
CIF001555,46,student,single,unknown,no,6846.88,yes,no,unknown,5,jul,1581,7,-1,4,success,0.137,1,0.3205
CIF001556,28,student,married,tertiary,no,858.61,yes,no,telephone,6,oct,1015,4,-1,4,success,0.7244,0,0.4979
CIF001557,73,admin.,divorced,secondary,no,-2000.0,no,no,unknown,25,feb,398,3,-1,3,success,0.0975,0,0.0782
CIF001558,65,student,married,tertiary,no,7179.15,yes,no,cellular,10,aug,110,7,-1,1,success,0.9133,1,0.5658
CIF001559,79,admin.,divorced,unknown,no,3547.18,no,no,cellular,3,jun,1295,5,10,4,success,0.6373,1,0.9009
CIF001560,71,entrepreneur,married,tertiary,no,1289.96,yes,no,unknown,18,jul,775,3,29,3,other,0.4933,1,0.7969
CIF001561,36,student,single,unknown,no,385.75,yes,no,unknown,20,aug,558,1,-1,3,unknown,0.4847,1,0.6725
CIF001562,33,retired,single,unknown,no,4747.06,yes,no,cellular,30,nov,702,1,-1,1,success,0.1814,1,0.6617
CIF001563,33,blue-collar,divorced,unknown,no,-125.95,no,no,telephone,15,feb,1783,2,-1,0,unknown,0.3459,1,0.7303
CIF001564,74,management,divorced,tertiary,no,4944.77,yes,no,cellular,24,mar,770,2,-1,3,unknown,0.7271,1,0.4942
CIF001565,52,blue-collar,divorced,secondary,no,3126.59,no,no,cellular,17,may,141,6,-1,2,other,0.5409,0,0.4018
CIF001566,46,blue-collar,divorced,unknown,no,2234.05,no,yes,telephone,28,oct,503,4,-1,3,failure,0.5293,1,0.3067
CIF001567,78,student,divorced,unknown,no,1936.54,yes,no,telephone,15,aug,261,7,-1,2,success,0.1952,1,0.0996
CIF001568,55,admin.,married,secondary,no,975.1,yes,no,unknown,21,mar,1234,4,-1,5,success,0.6904,1,0.5622
CIF001569,74,student,divorced,primary,no,4636.92,no,no,unknown,29,jan,1440,7,-1,4,unknown,0.392,1,0.4725
CIF001570,79,entrepreneur,single,unknown,no,-1096.03,yes,no,unknown,27,dec,1513,4,4,2,failure,0.1828,0,0.1189
CIF001571,22,admin.,single,primary,no,-2000.0,yes,no,cellular,13,feb,1139,3,-1,4,unknown,0.9438,1,0.2683
CIF001572,40,retired,married,unknown,no,3343.32,no,no,unknown,16,jan,1383,6,17,3,failure,0.5068,1,0.7872
CIF001573,63,admin.,divorced,primary,no,3393.71,yes,no,telephone,18,may,751,4,-1,3,unknown,0.528,1,0.2556
CIF001574,68,blue-collar,married,unknown,no,2940.72,yes,yes,cellular,4,jul,1129,2,-1,3,success,0.9814,1,0.4257
CIF001575,27,blue-collar,single,tertiary,no,2723.19,yes,yes,telephone,8,apr,192,4,-1,5,unknown,0.3664,0,0.1613
CIF001576,37,retired,married,secondary,no,538.38,yes,no,cellular,22,mar,969,5,2,1,failure,0.943,1,0.1698
CIF001577,51,entrepreneur,single,primary,no,3862.45,no,no,telephone,3,feb,1003,3,-1,2,failure,0.6949,1,0.7563
CIF001578,67,management,single,unknown,no,1363.33,yes,no,unknown,19,may,55,5,-1,1,other,0.6331,1,0.0667
CIF001579,25,admin.,single,primary,no,38.66,yes,yes,unknown,15,dec,986,7,-1,3,other,0.2344,0,0.285
CIF001580,55,retired,single,primary,no,564.33,no,no,cellular,15,feb,1301,3,28,5,failure,0.0518,0,0.9808
CIF001581,36,retired,divorced,unknown,no,7561.92,no,no,cellular,26,jul,661,3,-1,3,failure,0.4378,1,0.4759
CIF001582,31,blue-collar,divorced,tertiary,yes,-2000.0,yes,no,telephone,9,mar,980,3,-1,1,success,0.0102,1,0.6062
CIF001583,49,student,single,primary,no,2999.36,yes,no,cellular,24,sep,514,6,15,5,success,0.071,1,0.6408
CIF001584,43,entrepreneur,divorced,secondary,no,-2000.0,yes,no,unknown,24,jan,487,2,-1,4,success,0.5953,1,0.1961
CIF001585,57,retired,divorced,tertiary,no,1175.3,yes,no,cellular,30,mar,233,7,-1,2,unknown,0.7245,1,0.3693
CIF001586,37,blue-collar,married,tertiary,no,199.12,no,no,cellular,25,jan,590,3,11,0,unknown,0.1679,1,0.4007
CIF001587,69,student,single,secondary,no,-2000.0,no,no,cellular,16,aug,1445,6,-1,2,success,0.7325,1,0.2307
CIF001588,22,blue-collar,divorced,secondary,no,2667.11,yes,no,telephone,11,sep,1684,6,-1,4,failure,0.9497,1,0.234
CIF001589,71,management,single,primary,no,359.89,yes,no,unknown,24,mar,1144,6,-1,3,other,0.7432,1,0.6079
CIF001590,19,admin.,married,primary,no,-2000.0,yes,no,unknown,28,jun,1123,7,-1,1,unknown,0.7847,0,0.1085
CIF001591,63,admin.,single,unknown,no,4018.7,no,no,unknown,9,apr,1104,2,21,0,unknown,0.7007,1,0.1291
CIF001592,39,admin.,single,primary,no,5805.02,no,no,telephone,12,jan,856,5,-1,5,other,0.2247,1,0.5733
CIF001593,41,student,divorced,unknown,no,5970.37,no,no,cellular,15,jan,761,1,-1,2,other,0.3609,1,0.4493
CIF001594,19,blue-collar,single,primary,no,2576.87,yes,no,unknown,4,dec,1117,3,-1,4,success,0.9493,1,0.6119
CIF001595,61,student,married,unknown,no,1638.17,yes,no,unknown,10,aug,1411,1,-1,2,unknown,0.6612,1,0.027
CIF001596,28,management,married,secondary,no,5484.47,no,no,telephone,5,aug,744,5,-1,0,unknown,0.789,1,0.7049
CIF001597,58,admin.,married,unknown,no,6547.15,no,no,unknown,24,apr,1018,5,-1,2,other,0.9687,1,0.8499
CIF001598,62,entrepreneur,married,unknown,no,4900.71,yes,no,cellular,15,apr,846,6,18,4,failure,0.2314,1,0.5241
CIF001599,70,entrepreneur,divorced,secondary,no,-1324.61,yes,no,telephone,19,oct,513,2,-1,2,failure,0.3217,1,0.8408
CIF001600,61,blue-collar,married,tertiary,no,2104.03,yes,yes,unknown,3,jun,522,3,9,3,other,0.6448,1,0.3997
CIF001601,36,management,single,secondary,no,2818.55,yes,no,telephone,18,feb,141,5,-1,2,unknown,0.0244,0,0.0789
CIF001602,63,student,married,unknown,no,-2000.0,no,no,unknown,22,jun,791,6,-1,2,failure,0.5712,0,0.3775
CIF001603,69,student,single,unknown,no,2908.08,yes,no,unknown,21,jul,1282,7,1,1,success,0.8087,1,0.4464
CIF001604,37,management,divorced,unknown,no,8318.98,yes,no,unknown,24,jul,1234,1,10,1,other,0.6104,1,0.8655
CIF001605,25,student,single,tertiary,no,3419.81,no,yes,cellular,4,jul,1774,3,-1,1,failure,0.2954,0,0.3347
CIF001606,73,student,married,secondary,no,5920.24,no,no,telephone,17,nov,71,1,-1,4,unknown,0.7241,1,0.3151
CIF001607,27,admin.,divorced,primary,no,2048.74,yes,no,telephone,15,mar,1369,6,12,2,unknown,0.146,1,0.888
CIF001608,54,management,single,tertiary,no,1280.35,no,no,telephone,27,aug,1431,1,-1,4,unknown,0.8948,1,0.251
CIF001609,32,retired,married,primary,no,2643.81,no,no,unknown,21,nov,785,6,-1,1,failure,0.1009,1,0.6424
CIF001610,25,admin.,divorced,tertiary,no,-947.48,yes,no,cellular,29,dec,509,2,-1,1,success,0.8635,1,0.3266
CIF001611,66,management,divorced,unknown,no,-1391.33,no,no,cellular,1,dec,642,1,-1,5,failure,0.4978,0,0.9515
CIF001612,26,student,single,primary,no,5298.91,no,no,cellular,14,sep,1228,7,-1,5,unknown,0.4286,1,0.1896
CIF001613,59,blue-collar,married,unknown,no,5617.03,no,yes,unknown,22,feb,1551,4,-1,2,success,0.5007,1,0.7239
CIF001614,60,student,single,tertiary,no,-1473.32,no,no,unknown,3,dec,1156,3,21,1,other,0.2002,1,0.5501
CIF001615,21,student,single,primary,no,4404.0,yes,no,cellular,20,jan,925,5,-1,4,unknown,0.4577,0,0.9787
CIF001616,28,management,divorced,tertiary,no,1239.12,no,no,unknown,7,jul,1174,2,-1,0,success,0.8497,1,0.9941
CIF001617,67,management,divorced,primary,no,2519.43,no,no,cellular,3,jun,127,5,28,2,success,0.801,1,0.7937
CIF001618,49,management,married,tertiary,no,2880.66,yes,no,telephone,20,sep,1094,4,-1,3,success,0.163,1,0.1035
CIF001619,25,entrepreneur,single,tertiary,no,4483.05,yes,no,cellular,13,oct,75,2,-1,4,unknown,0.6734,0,0.469
CIF001620,79,entrepreneur,married,tertiary,no,1748.15,yes,yes,unknown,13,sep,1726,3,-1,0,success,0.8568,1,0.8545
CIF001621,34,management,single,secondary,no,5730.49,no,no,unknown,10,mar,1600,1,-1,0,success,0.8198,1,0.6385
CIF001622,18,entrepreneur,single,primary,no,2428.24,no,no,telephone,21,oct,915,3,-1,1,success,0.4256,1,0.879
CIF001623,75,retired,single,secondary,no,3372.55,yes,no,unknown,19,oct,673,5,26,0,other,0.0481,1,0.7994
CIF001624,19,retired,single,unknown,no,-999.79,no,no,unknown,21,jan,1318,1,9,3,success,0.9312,1,0.313
CIF001625,52,entrepreneur,single,unknown,no,7975.98,no,no,cellular,24,aug,1147,1,-1,5,other,0.3959,1,0.1951
CIF001626,79,management,divorced,primary,yes,2909.47,no,no,telephone,19,feb,1269,5,-1,1,success,0.361,1,0.3226
CIF001627,53,blue-collar,single,secondary,no,3638.99,yes,no,cellular,3,jul,928,3,18,2,failure,0.7595,1,0.6959
CIF001628,54,blue-collar,married,unknown,no,-2000.0,no,no,unknown,5,mar,425,1,-1,1,other,0.264,1,0.4811
CIF001629,42,entrepreneur,divorced,secondary,no,-968.11,no,no,telephone,30,may,131,6,15,0,success,0.8347,0,0.0438
CIF001630,25,admin.,single,primary,no,5213.65,no,no,unknown,9,apr,509,6,-1,4,success,0.0761,1,0.7425
CIF001631,53,student,divorced,unknown,no,2360.67,no,no,telephone,13,nov,952,1,2,1,success,0.7407,1,0.0447
CIF001632,73,admin.,divorced,secondary,no,-2000.0,yes,no,telephone,12,nov,763,2,11,3,failure,0.9658,1,0.4093
CIF001633,23,blue-collar,married,tertiary,yes,4614.87,yes,yes,cellular,30,oct,911,3,-1,4,success,0.9958,1,0.4623
CIF001634,72,blue-collar,divorced,secondary,no,-131.35,yes,no,unknown,25,sep,499,6,-1,5,failure,0.9238,1,0.503
CIF001635,43,blue-collar,divorced,tertiary,no,5733.95,no,no,cellular,15,may,1688,1,14,1,unknown,0.8708,1,0.1391
CIF001636,51,entrepreneur,married,secondary,no,1236.49,no,yes,telephone,21,feb,660,6,-1,3,failure,0.2789,1,0.7478
CIF001637,28,retired,married,tertiary,no,2114.12,no,no,telephone,17,jul,1523,3,-1,5,other,0.9666,1,0.8494
CIF001638,56,student,married,secondary,no,5036.86,yes,no,unknown,20,jun,703,1,-1,2,failure,0.9279,1,0.6979
CIF001639,29,blue-collar,divorced,tertiary,no,-1192.48,yes,no,telephone,29,apr,798,7,-1,0,success,0.5344,0,0.9511
CIF001640,34,blue-collar,divorced,primary,no,-1478.54,yes,yes,cellular,21,mar,1086,1,-1,1,failure,0.4021,1,0.2575
CIF001641,62,entrepreneur,married,primary,no,910.5,yes,no,cellular,4,feb,473,1,-1,4,failure,0.1093,0,0.1607
CIF001642,21,blue-collar,single,tertiary,no,3981.52,no,no,cellular,16,oct,395,7,-1,4,failure,0.5906,0,0.0673
CIF001643,45,retired,married,primary,no,-2000.0,no,no,telephone,25,apr,682,4,19,1,other,0.7005,1,0.7215
CIF001644,54,blue-collar,married,unknown,no,-2000.0,no,no,unknown,2,dec,1447,4,-1,1,unknown,0.404,1,0.1621
CIF001645,26,entrepreneur,married,unknown,no,3971.16,yes,no,unknown,11,sep,260,5,-1,1,success,0.406,0,0.9382
CIF001646,36,management,married,secondary,no,-308.93,yes,yes,unknown,7,feb,787,5,-1,1,other,0.5733,1,0.5984
CIF001647,39,entrepreneur,divorced,secondary,no,323.32,yes,no,unknown,22,jan,1209,5,19,4,unknown,0.0278,1,0.8041
CIF001648,59,management,divorced,tertiary,no,-2000.0,no,no,unknown,5,may,1271,1,-1,5,other,0.9579,1,0.4347
CIF001649,78,retired,married,primary,no,-536.94,yes,no,unknown,19,jan,781,4,13,0,success,0.2899,0,0.7348
CIF001650,69,management,single,unknown,no,1477.3,yes,yes,cellular,2,dec,146,2,-1,4,failure,0.1409,0,0.4437
CIF001651,29,entrepreneur,married,primary,no,4291.13,no,no,cellular,28,nov,28,6,-1,4,unknown,0.0055,0,0.5388
CIF001652,19,student,single,secondary,no,-813.69,yes,no,cellular,10,aug,845,4,24,3,other,0.8569,0,0.7736
CIF001653,21,student,divorced,primary,no,6472.13,yes,no,cellular,13,apr,1458,1,18,5,unknown,0.8632,1,0.2382
CIF001654,54,student,divorced,unknown,no,-553.67,yes,no,telephone,24,nov,50,7,-1,0,other,0.0953,0,0.8845
CIF001655,27,admin.,divorced,primary,yes,-549.28,yes,no,telephone,12,aug,1597,2,-1,4,success,0.1522,0,0.7163
CIF001656,32,student,married,secondary,no,6112.07,no,no,unknown,4,may,1216,2,-1,0,other,0.4479,1,0.7465
CIF001657,70,student,married,unknown,no,2134.38,yes,no,telephone,28,nov,14,7,-1,5,failure,0.1857,0,0.2382
CIF001658,72,retired,married,secondary,no,-156.07,no,no,unknown,4,mar,618,6,19,2,unknown,0.7358,1,0.0901
CIF001659,70,retired,married,primary,no,1034.6,no,no,telephone,15,jul,396,7,12,0,success,0.058,1,0.0729
CIF001660,33,entrepreneur,single,primary,no,5559.22,yes,no,unknown,4,sep,1708,5,-1,4,failure,0.5497,1,0.647
CIF001661,56,retired,single,tertiary,no,5898.61,yes,no,unknown,21,nov,998,7,-1,4,success,0.3828,1,0.15
CIF001662,55,management,divorced,primary,yes,-950.38,no,no,telephone,9,feb,583,1,-1,2,failure,0.4649,0,0.9992
CIF001663,29,retired,married,secondary,no,1372.7,no,no,unknown,28,apr,500,5,-1,1,failure,0.4248,0,0.961
CIF001664,52,entrepreneur,married,tertiary,no,1770.47,no,no,unknown,7,nov,1014,3,3,0,success,0.1532,1,0.0292
CIF001665,50,retired,divorced,secondary,no,-1458.72,no,no,cellular,21,jun,9,3,-1,5,success,0.2203,0,0.7251
CIF001666,42,retired,divorced,unknown,no,1332.94,yes,no,cellular,1,oct,463,2,-1,1,success,0.0648,1,0.2608
CIF001667,64,student,single,tertiary,no,1515.97,no,no,cellular,4,oct,297,2,-1,5,success,0.1153,1,0.3409
CIF001668,60,blue-collar,married,primary,no,4920.63,no,yes,unknown,9,apr,1116,4,27,3,success,0.9779,1,0.2403
CIF001669,51,student,single,unknown,no,5122.28,yes,no,telephone,27,apr,1204,7,-1,4,failure,0.2798,1,0.8305
CIF001670,62,blue-collar,married,unknown,no,512.37,yes,no,telephone,30,jun,840,5,-1,4,other,0.307,1,0.8938
CIF001671,65,student,single,primary,no,858.14,yes,no,cellular,19,jan,252,3,-1,5,unknown,0.1271,1,0.0404
CIF001672,53,admin.,divorced,secondary,no,3492.88,yes,no,telephone,11,oct,667,4,-1,0,other,0.7552,1,0.27
CIF001673,34,blue-collar,married,secondary,yes,-255.57,yes,no,telephone,10,feb,1517,4,-1,5,other,0.9241,1,0.4487
CIF001674,65,management,married,secondary,no,3265.92,yes,yes,telephone,7,dec,366,2,-1,0,success,0.7898,1,0.5218
CIF001675,62,management,divorced,secondary,no,1236.28,no,no,cellular,11,oct,294,4,-1,5,unknown,0.6126,1,0.0876
CIF001676,78,retired,married,unknown,yes,-1408.2,no,no,unknown,15,may,200,5,-1,1,other,0.8132,1,0.83
CIF001677,27,entrepreneur,divorced,tertiary,no,-1370.51,no,no,telephone,21,jan,1470,2,16,5,success,0.4042,0,0.934
CIF001678,43,admin.,divorced,unknown,no,5841.18,yes,no,cellular,7,oct,215,5,-1,0,other,0.8595,1,0.4029
CIF001679,75,management,single,secondary,no,1030.74,no,no,cellular,2,jun,1046,5,-1,2,unknown,0.7985,1,0.8572
CIF001680,49,management,single,tertiary,no,6421.06,yes,no,cellular,17,mar,1798,4,-1,3,failure,0.0017,1,0.6764
CIF001681,76,management,single,primary,no,-40.91,yes,yes,cellular,8,jun,1155,3,14,5,failure,0.4878,0,0.5917
CIF001682,18,entrepreneur,single,secondary,no,2373.62,no,no,unknown,13,nov,742,4,4,0,other,0.2646,1,0.8191
CIF001683,20,student,divorced,tertiary,no,8678.03,yes,no,unknown,22,sep,372,6,14,0,failure,0.0862,0,0.473
CIF001684,67,retired,divorced,primary,no,-1672.16,yes,no,unknown,27,sep,3,2,-1,3,unknown,0.8462,0,0.5477
CIF001685,40,blue-collar,married,unknown,no,-2000.0,no,no,cellular,17,jul,280,5,-1,0,success,0.0079,1,0.2747
CIF001686,50,admin.,married,secondary,no,5359.77,no,yes,telephone,28,feb,1715,5,-1,4,unknown,0.7302,1,0.7122
CIF001687,44,blue-collar,single,primary,no,-980.43,yes,no,cellular,9,dec,258,3,-1,0,failure,0.9882,1,0.1591
CIF001688,43,admin.,single,unknown,no,1437.88,no,no,cellular,22,sep,35,3,-1,5,other,0.482,0,0.2432
CIF001689,76,retired,divorced,primary,no,-257.75,no,no,telephone,30,jul,1468,7,-1,3,failure,0.3712,0,0.4799
CIF001690,23,management,married,secondary,no,2304.49,yes,no,telephone,7,sep,753,3,-1,5,failure,0.6058,1,0.3853
CIF001691,65,entrepreneur,single,primary,no,-1351.61,no,no,unknown,23,may,642,5,-1,0,unknown,0.8047,1,0.2396
CIF001692,73,management,married,tertiary,no,960.18,no,no,cellular,15,sep,1291,2,-1,1,failure,0.2403,0,0.1919
CIF001693,58,retired,single,unknown,no,2849.45,yes,no,unknown,27,dec,941,7,-1,2,other,0.2507,1,0.8609
CIF001694,42,retired,divorced,primary,no,-1524.93,no,no,cellular,10,may,1646,5,6,0,other,0.6072,1,0.5909
CIF001695,27,entrepreneur,married,secondary,yes,-600.25,yes,no,cellular,29,jan,841,6,-1,0,other,0.9399,1,0.3774
CIF001696,60,management,married,secondary,no,457.85,yes,yes,cellular,24,sep,1283,5,11,1,failure,0.2984,1,0.8458
CIF001697,47,management,single,tertiary,no,-2000.0,no,no,cellular,22,nov,1581,3,-1,4,unknown,0.3768,1,0.8252
CIF001698,27,student,divorced,secondary,no,232.32,no,yes,telephone,1,oct,834,3,15,4,unknown,0.9933,1,0.1109
CIF001699,40,retired,single,tertiary,no,1856.39,no,yes,cellular,3,dec,511,5,10,0,unknown,0.1762,1,0.5673
CIF001700,77,blue-collar,divorced,tertiary,no,301.35,yes,yes,cellular,20,may,1753,7,-1,0,unknown,0.077,1,0.3056
CIF001701,34,student,married,primary,no,685.87,yes,no,telephone,15,dec,408,1,27,3,success,0.5898,1,0.5408
CIF001702,29,entrepreneur,divorced,tertiary,no,1440.29,no,no,cellular,10,mar,70,6,-1,2,success,0.0243,0,0.718
CIF001703,60,retired,married,tertiary,yes,-467.23,yes,no,unknown,26,aug,1040,6,-1,4,success,0.1804,0,0.0085
CIF001704,30,student,married,unknown,no,3573.19,yes,no,cellular,15,nov,1776,1,9,1,unknown,0.6222,1,0.5136
CIF001705,75,retired,single,tertiary,no,5807.93,no,no,unknown,14,nov,155,1,-1,2,success,0.6595,1,0.2917
CIF001706,71,admin.,married,unknown,no,106.86,yes,no,telephone,10,aug,1528,5,-1,1,unknown,0.5104,1,0.534
CIF001707,78,blue-collar,divorced,secondary,no,2955.59,yes,no,unknown,30,jul,1494,6,-1,1,success,0.3837,1,0.1098
CIF001708,74,retired,divorced,tertiary,no,781.15,no,no,cellular,11,jun,1672,3,-1,4,other,0.5762,0,0.8176
CIF001709,33,admin.,single,unknown,no,2596.46,no,yes,cellular,8,nov,758,5,-1,2,failure,0.6434,1,0.5437
CIF001710,31,admin.,single,primary,no,6197.34,yes,no,cellular,21,nov,458,7,-1,3,failure,0.8035,1,0.2111
CIF001711,39,blue-collar,divorced,tertiary,no,3025.98,yes,yes,cellular,2,mar,921,3,-1,0,failure,0.7928,1,0.7697
CIF001712,47,entrepreneur,divorced,unknown,no,-2000.0,no,no,telephone,18,feb,256,2,-1,3,success,0.6648,1,0.0378
CIF001713,72,admin.,single,tertiary,no,2861.99,yes,no,telephone,17,oct,1517,7,-1,2,success,0.8942,1,0.5928
CIF001714,63,admin.,divorced,unknown,no,5198.59,no,no,unknown,8,oct,1193,2,-1,5,unknown,0.838,1,0.5018
CIF001715,57,entrepreneur,married,secondary,no,835.21,no,no,unknown,24,feb,869,4,-1,2,failure,0.1332,1,0.0396
CIF001716,72,management,married,unknown,no,4486.9,no,no,unknown,2,jun,928,4,-1,0,success,0.9567,1,0.2497
CIF001717,58,management,married,tertiary,no,-570.35,yes,no,telephone,30,jul,1281,4,-1,4,success,0.8917,1,0.0771
CIF001718,41,retired,married,secondary,no,-2000.0,no,yes,telephone,26,jan,941,2,8,0,success,0.3209,0,0.7324
CIF001719,43,student,married,primary,no,1923.51,yes,no,unknown,6,aug,1511,5,21,5,success,0.0202,1,0.7058
CIF001720,50,admin.,single,primary,no,-2000.0,no,no,unknown,15,dec,1664,5,-1,2,failure,0.604,1,0.0893
CIF001721,23,retired,divorced,secondary,no,780.69,no,no,telephone,6,mar,1709,2,-1,4,success,0.4384,0,0.1092
CIF001722,63,admin.,single,unknown,no,5360.53,yes,no,unknown,19,oct,1116,4,10,3,failure,0.7496,1,0.8803
CIF001723,58,entrepreneur,single,secondary,no,-2000.0,no,no,cellular,11,jan,1336,1,18,2,failure,0.5246,0,0.2008
CIF001724,63,entrepreneur,married,secondary,no,-2000.0,yes,no,unknown,15,mar,559,2,-1,3,failure,0.0765,0,0.3037
CIF001725,51,retired,married,secondary,no,-1596.1,yes,no,unknown,29,jul,68,7,-1,1,failure,0.2447,0,0.6843
CIF001726,66,blue-collar,single,secondary,no,1310.04,yes,no,telephone,19,dec,720,4,-1,0,unknown,0.8825,1,0.0607
CIF001727,76,student,married,unknown,yes,402.85,no,no,telephone,27,nov,1569,5,-1,4,unknown,0.0377,0,0.9477
CIF001728,53,entrepreneur,divorced,secondary,no,5697.41,yes,no,cellular,19,dec,240,7,21,5,unknown,0.7367,1,0.023
CIF001729,45,retired,single,secondary,no,4363.04,yes,no,telephone,15,dec,982,5,-1,5,failure,0.2919,1,0.8491
CIF001730,24,student,single,tertiary,no,2985.82,no,no,cellular,1,oct,346,6,-1,1,failure,0.4526,0,0.3609
CIF001731,66,management,married,tertiary,no,1936.89,no,no,unknown,3,may,772,5,-1,2,unknown,0.531,1,0.15
CIF001732,74,admin.,married,secondary,no,2679.69,no,no,cellular,16,feb,258,4,13,2,unknown,0.2501,1,0.3775
CIF001733,61,retired,married,primary,no,-1085.95,yes,yes,cellular,16,oct,1322,5,-1,4,success,0.652,1,0.9728
CIF001734,71,entrepreneur,divorced,tertiary,no,4071.63,no,no,telephone,16,mar,1458,3,12,3,unknown,0.6934,1,0.529
CIF001735,71,entrepreneur,single,tertiary,no,-1836.13,no,yes,unknown,26,jul,1365,7,-1,4,other,0.0851,1,0.0593
CIF001736,67,entrepreneur,divorced,tertiary,yes,4006.13,yes,no,unknown,3,oct,1268,2,-1,5,unknown,0.3739,1,0.9415
CIF001737,49,blue-collar,single,tertiary,no,5058.43,yes,no,telephone,20,jan,423,7,-1,2,failure,0.7444,1,0.1436
CIF001738,24,blue-collar,divorced,tertiary,no,2132.59,yes,no,cellular,23,nov,954,7,-1,3,other,0.7216,1,0.0547
CIF001739,18,student,divorced,unknown,no,971.36,yes,no,unknown,20,apr,188,1,27,3,unknown,0.5446,0,0.0454
CIF001740,30,blue-collar,married,primary,no,2700.93,no,no,telephone,8,mar,673,5,-1,5,failure,0.7777,1,0.8263
CIF001741,44,entrepreneur,married,primary,no,-2000.0,no,no,telephone,13,may,910,7,-1,2,failure,0.1076,0,0.153
CIF001742,64,retired,divorced,unknown,no,2406.77,no,no,unknown,2,jun,1203,5,-1,1,success,0.1182,1,0.179
CIF001743,46,blue-collar,married,unknown,yes,1159.94,no,no,telephone,6,jun,174,3,-1,2,other,0.6575,1,0.9441
CIF001744,19,management,divorced,secondary,no,1348.12,no,no,telephone,25,feb,1463,7,-1,3,success,0.6933,1,0.6116
CIF001745,31,student,single,tertiary,no,3619.6,yes,no,unknown,19,mar,826,4,3,5,failure,0.8145,1,0.2854
CIF001746,78,retired,divorced,secondary,no,1275.69,yes,no,cellular,26,jun,1586,1,-1,4,failure,0.181,1,0.5865
CIF001747,79,admin.,married,unknown,no,-1920.62,yes,yes,unknown,21,mar,949,2,-1,0,success,0.5168,1,0.2431
CIF001748,41,entrepreneur,married,secondary,no,1075.79,no,no,unknown,8,aug,984,5,-1,3,failure,0.6608,1,0.4943
CIF001749,67,admin.,single,unknown,no,1702.67,yes,no,telephone,25,nov,1246,4,-1,0,success,0.2237,1,0.3346
CIF001750,62,management,married,secondary,no,1844.8,yes,no,telephone,21,jan,1475,2,-1,2,failure,0.5169,1,0.6226
CIF001751,75,blue-collar,married,secondary,no,1985.76,no,no,cellular,6,jan,283,6,-1,5,unknown,0.6384,1,0.7588
CIF001752,73,student,single,tertiary,yes,4618.11,no,no,cellular,1,aug,920,1,-1,5,success,0.2144,1,0.3485
CIF001753,56,blue-collar,married,secondary,no,-1758.1,yes,no,unknown,23,jan,53,2,2,0,failure,0.3756,0,0.1439
CIF001754,42,student,married,primary,no,2027.1,no,yes,telephone,22,aug,854,4,6,0,failure,0.2163,1,0.3557
CIF001755,56,entrepreneur,divorced,primary,no,5369.79,no,yes,unknown,3,jun,1464,1,15,4,failure,0.9029,1,0.7582
CIF001756,37,student,married,unknown,no,-2000.0,no,no,cellular,14,jun,1557,3,-1,2,unknown,0.2368,1,0.7871
CIF001757,39,blue-collar,divorced,secondary,no,2038.94,no,yes,cellular,28,aug,510,7,-1,2,failure,0.1208,1,0.7856
CIF001758,55,blue-collar,divorced,primary,no,-256.14,yes,no,unknown,24,nov,695,7,2,5,other,0.0352,1,0.9746
CIF001759,53,entrepreneur,divorced,unknown,no,387.87,yes,yes,telephone,25,feb,992,7,-1,5,failure,0.045,1,0.8248
CIF001760,54,student,married,unknown,no,-1214.42,yes,no,cellular,12,feb,712,3,-1,5,success,0.1916,1,0.9686
CIF001761,41,retired,married,secondary,no,991.35,yes,yes,cellular,4,sep,320,1,-1,4,failure,0.6082,1,0.6268
CIF001762,43,retired,divorced,tertiary,no,7023.77,no,no,unknown,11,jan,548,6,8,5,unknown,0.0176,1,0.2293
CIF001763,18,management,married,unknown,no,-2000.0,no,no,cellular,21,jun,727,3,-1,4,other,0.2867,0,0.6082
CIF001764,55,retired,single,primary,no,-2000.0,no,yes,cellular,26,jun,933,6,-1,5,other,0.0582,0,0.1978
CIF001765,53,management,single,secondary,no,-2000.0,yes,no,cellular,20,may,1657,1,-1,3,unknown,0.4037,1,0.0853
CIF001766,75,retired,divorced,tertiary,no,6682.25,no,no,unknown,2,jul,980,5,-1,0,unknown,0.0486,1,0.3013
CIF001767,49,student,divorced,tertiary,no,112.98,yes,no,telephone,18,feb,696,5,-1,4,other,0.6075,1,0.3628
CIF001768,46,student,married,secondary,no,1423.08,no,no,cellular,6,apr,1188,7,-1,5,unknown,0.6884,1,0.7089
CIF001769,22,management,single,primary,yes,291.65,no,no,unknown,19,jan,1391,1,-1,1,other,0.7313,0,0.3631
CIF001770,30,entrepreneur,single,unknown,no,-1333.27,no,no,unknown,13,dec,774,3,18,2,unknown,0.2243,0,0.0031
CIF001771,38,management,divorced,tertiary,no,794.55,no,no,unknown,16,oct,880,7,8,3,other,0.8685,1,0.9169
CIF001772,41,retired,single,unknown,no,8874.73,no,no,cellular,18,apr,392,3,-1,3,other,0.6903,1,0.5894
CIF001773,40,student,married,secondary,no,5676.21,yes,no,cellular,20,jan,1556,5,25,4,unknown,0.0567,1,0.2108
CIF001774,42,retired,divorced,tertiary,no,-1058.81,yes,no,unknown,1,apr,1560,2,-1,2,unknown,0.4408,1,0.2523
CIF001775,65,student,single,secondary,no,3442.72,no,no,unknown,29,dec,314,6,9,5,unknown,0.7678,1,0.1241
CIF001776,26,retired,married,secondary,no,-994.57,yes,no,unknown,18,oct,622,2,-1,4,other,0.3109,0,0.9065
CIF001777,38,student,married,tertiary,no,-2000.0,no,no,telephone,16,aug,489,5,-1,5,failure,0.3816,0,0.2302
CIF001778,28,retired,married,unknown,no,4558.53,yes,yes,telephone,12,dec,1661,7,-1,3,success,0.6296,1,0.9406
CIF001779,37,student,divorced,unknown,yes,4980.28,yes,no,cellular,4,mar,117,5,-1,0,success,0.0555,1,0.2643
CIF001780,60,blue-collar,divorced,tertiary,no,4638.16,yes,no,cellular,19,jul,373,4,-1,5,success,0.9669,1,0.7993
CIF001781,20,student,single,primary,no,90.4,yes,yes,cellular,11,oct,566,2,-1,0,unknown,0.1745,0,0.0105
CIF001782,39,entrepreneur,married,tertiary,no,999.67,yes,no,telephone,28,jan,1008,3,-1,1,failure,0.0267,0,0.4833
CIF001783,19,retired,divorced,unknown,no,3749.3,yes,no,telephone,20,jun,448,6,-1,1,success,0.0053,0,0.3692
CIF001784,77,entrepreneur,single,secondary,no,2674.49,yes,no,telephone,14,may,965,2,-1,1,unknown,0.3996,1,0.3346
CIF001785,63,entrepreneur,single,tertiary,no,319.09,yes,no,telephone,1,mar,1345,5,27,4,failure,0.8843,1,0.9922
CIF001786,33,retired,married,secondary,no,-2000.0,no,no,telephone,17,mar,1491,4,-1,2,success,0.8198,1,0.7209
CIF001787,30,management,divorced,primary,no,1841.63,yes,no,unknown,26,dec,178,3,23,1,failure,0.912,0,0.2558
CIF001788,24,retired,married,tertiary,no,4737.03,no,no,telephone,14,jul,249,6,-1,0,failure,0.5338,1,0.7524
CIF001789,47,admin.,single,secondary,no,-2000.0,no,no,unknown,20,jan,171,3,-1,1,other,0.4487,0,0.1296
CIF001790,64,student,single,tertiary,no,3416.28,no,no,unknown,4,sep,1637,3,-1,4,success,0.3859,1,0.9259
CIF001791,54,entrepreneur,single,tertiary,no,2494.63,yes,no,telephone,13,aug,1173,4,-1,4,success,0.0464,1,0.4264
CIF001792,72,retired,single,unknown,no,3750.44,yes,no,unknown,24,may,956,6,-1,1,unknown,0.9095,1,0.1907
CIF001793,39,blue-collar,single,unknown,no,4115.93,yes,no,cellular,13,may,1423,7,16,0,other,0.4962,1,0.2728
CIF001794,35,management,single,tertiary,no,-583.4,no,no,telephone,27,jul,1054,5,-1,3,other,0.4551,1,0.1551
CIF001795,47,management,single,primary,no,-2000.0,no,no,cellular,13,dec,423,5,5,4,other,0.5152,1,0.9306
CIF001796,30,admin.,single,tertiary,no,-100.56,no,yes,cellular,25,oct,918,6,-1,0,success,0.7942,1,0.3059
CIF001797,78,entrepreneur,divorced,unknown,no,4167.38,no,no,cellular,20,may,1265,2,-1,4,success,0.2245,1,0.1429
CIF001798,29,management,divorced,secondary,no,-126.01,yes,no,cellular,29,mar,64,2,-1,1,success,0.7099,0,0.8129
CIF001799,47,student,married,tertiary,no,-582.13,no,no,telephone,16,feb,1091,4,27,1,success,0.7108,1,0.2133
CIF001800,50,student,divorced,unknown,no,-2000.0,yes,no,unknown,15,mar,894,5,-1,3,failure,0.8496,1,0.0942
CIF001801,21,entrepreneur,married,secondary,no,6757.94,yes,no,unknown,11,feb,125,5,-1,0,success,0.0087,0,0.6684
CIF001802,47,management,married,secondary,no,3977.14,yes,no,unknown,20,oct,474,2,-1,1,failure,0.1704,1,0.0074
CIF001803,46,blue-collar,single,secondary,no,3809.69,yes,no,cellular,30,jul,807,6,-1,0,other,0.471,1,0.8324
CIF001804,34,student,married,unknown,no,4403.18,yes,no,telephone,6,jan,616,3,28,1,failure,0.8505,1,0.5627
CIF001805,25,student,single,secondary,no,3230.13,no,no,telephone,29,dec,522,7,19,4,failure,0.9651,1,0.2468
CIF001806,20,student,married,secondary,no,767.01,yes,no,cellular,30,feb,1168,6,1,1,unknown,0.5949,0,0.4736
CIF001807,18,entrepreneur,single,tertiary,no,1008.71,yes,no,cellular,24,aug,727,7,29,0,other,0.2121,1,0.2624
CIF001808,47,entrepreneur,divorced,tertiary,no,217.31,yes,no,telephone,18,jan,895,5,3,1,success,0.1846,0,0.5329
CIF001809,23,retired,divorced,unknown,no,9404.22,yes,no,unknown,26,aug,1436,4,-1,0,unknown,0.6394,1,0.5716
CIF001810,77,retired,single,unknown,no,3167.74,no,no,telephone,8,jul,167,2,-1,3,unknown,0.2101,1,0.7717
CIF001811,33,blue-collar,married,unknown,no,108.6,no,no,telephone,20,nov,647,3,-1,5,other,0.5531,0,0.4661
CIF001812,58,management,divorced,unknown,no,2896.49,yes,yes,unknown,25,aug,131,7,-1,1,unknown,0.8348,1,0.7866
CIF001813,59,management,married,secondary,no,-1532.61,no,yes,telephone,25,jun,1669,3,-1,4,failure,0.3898,0,0.0692
CIF001814,48,entrepreneur,single,secondary,yes,6013.52,yes,yes,unknown,18,jul,334,1,-1,2,unknown,0.3785,1,0.9213
CIF001815,72,entrepreneur,married,tertiary,no,-483.21,yes,no,unknown,12,aug,1475,2,25,0,success,0.0361,1,0.1855
CIF001816,24,blue-collar,single,tertiary,no,3003.26,no,no,cellular,29,may,343,5,29,4,unknown,0.2541,0,0.8366
CIF001817,32,entrepreneur,married,tertiary,no,4697.93,no,no,telephone,21,sep,583,5,-1,1,failure,0.6982,1,0.4946
CIF001818,33,blue-collar,divorced,primary,no,2654.31,yes,no,telephone,24,jul,1094,7,1,3,success,0.3604,1,0.1047
CIF001819,26,blue-collar,married,primary,no,1783.41,yes,no,cellular,19,dec,1496,7,-1,3,failure,0.1583,0,0.3598
CIF001820,36,blue-collar,single,primary,yes,1532.41,yes,no,cellular,27,mar,320,4,-1,3,success,0.1058,1,0.9183
CIF001821,37,entrepreneur,single,secondary,no,1330.68,no,no,telephone,15,sep,383,4,-1,0,success,0.0951,1,0.8347
CIF001822,65,management,single,unknown,no,-230.1,yes,no,telephone,17,oct,1587,6,-1,1,failure,0.6591,1,0.7223
CIF001823,36,entrepreneur,single,unknown,no,151.55,yes,yes,telephone,25,sep,579,1,-1,4,failure,0.6126,1,0.3798
CIF001824,72,admin.,married,unknown,no,5938.77,yes,no,unknown,16,dec,377,5,-1,5,failure,0.5185,1,0.5888
CIF001825,65,retired,divorced,tertiary,yes,1174.39,no,no,unknown,8,jun,1338,4,-1,0,failure,0.5003,1,0.2321
CIF001826,73,entrepreneur,single,primary,no,-857.39,no,no,cellular,23,jul,164,6,-1,2,success,0.1531,0,0.6478
CIF001827,24,management,married,unknown,no,-48.89,no,no,cellular,12,feb,1560,6,20,5,other,0.5006,0,0.2609
CIF001828,79,management,married,unknown,no,4801.11,no,yes,telephone,4,may,1576,5,-1,1,success,0.0599,1,0.829
CIF001829,56,management,single,unknown,yes,3526.82,no,yes,telephone,12,feb,1541,5,-1,2,unknown,0.9259,1,0.7045
CIF001830,78,entrepreneur,divorced,secondary,no,3180.99,no,no,unknown,2,oct,531,5,-1,5,other,0.058,1,0.3861
CIF001831,40,retired,divorced,primary,no,727.44,no,no,unknown,27,oct,205,5,-1,5,other,0.4235,0,0.6595
CIF001832,77,student,single,unknown,no,3220.09,yes,no,unknown,30,mar,765,2,-1,3,other,0.0006,1,0.3251
CIF001833,54,student,single,primary,no,-430.68,no,no,cellular,8,oct,602,2,-1,4,unknown,0.7862,1,0.1557
CIF001834,22,entrepreneur,married,unknown,no,721.16,yes,no,telephone,28,apr,1726,6,-1,3,other,0.1662,0,0.2352
CIF001835,43,entrepreneur,single,unknown,no,4409.41,yes,no,cellular,22,sep,1137,5,-1,1,failure,0.9249,1,0.2717
CIF001836,26,admin.,married,unknown,no,4122.83,yes,no,telephone,29,dec,1699,2,-1,5,other,0.044,0,0.2266
CIF001837,76,entrepreneur,divorced,tertiary,yes,-1445.73,yes,no,cellular,5,oct,1351,7,-1,0,other,0.8208,1,0.6784
CIF001838,36,student,single,unknown,no,-1066.58,yes,no,unknown,2,mar,1286,7,-1,0,other,0.6566,1,0.7397
CIF001839,31,blue-collar,married,unknown,no,1826.11,no,no,telephone,28,mar,201,5,-1,3,unknown,0.2497,1,0.4571
CIF001840,52,student,divorced,unknown,yes,6678.4,yes,no,unknown,9,feb,124,2,-1,5,success,0.2024,1,0.9878
CIF001841,44,retired,divorced,secondary,no,-2000.0,yes,no,cellular,18,nov,83,7,-1,4,success,0.3577,0,0.891
CIF001842,24,management,married,tertiary,no,2335.0,no,no,unknown,28,jul,1068,2,-1,4,success,0.8284,1,0.0871
CIF001843,68,management,married,unknown,yes,-2000.0,no,no,telephone,11,feb,363,4,-1,2,other,0.862,1,0.4605
CIF001844,70,retired,married,primary,no,-402.99,no,no,cellular,3,aug,1780,7,-1,2,success,0.1753,1,0.9085
CIF001845,64,admin.,single,primary,no,406.71,yes,no,telephone,24,jul,238,4,-1,2,unknown,0.3534,1,0.2203
CIF001846,56,admin.,single,secondary,no,238.47,no,no,cellular,14,aug,1704,2,-1,1,unknown,0.2375,1,0.3784
CIF001847,42,blue-collar,divorced,secondary,no,-101.39,no,no,cellular,1,aug,1201,1,-1,2,success,0.1226,0,0.9469
CIF001848,51,retired,divorced,unknown,no,1521.62,yes,no,cellular,11,feb,190,3,-1,0,failure,0.6464,1,0.7761
CIF001849,50,entrepreneur,divorced,unknown,no,-105.77,no,no,unknown,16,may,105,5,10,1,failure,0.3459,0,0.8323
CIF001850,28,blue-collar,divorced,primary,no,-2000.0,no,no,unknown,27,sep,712,6,23,5,other,0.2254,0,0.8795
CIF001851,23,admin.,married,secondary,no,3839.61,no,no,telephone,7,nov,610,2,25,4,unknown,0.866,1,0.1712
CIF001852,33,entrepreneur,married,unknown,no,3758.62,yes,no,unknown,16,mar,567,2,-1,0,success,0.7483,1,0.6993
CIF001853,46,entrepreneur,divorced,tertiary,no,4029.52,yes,no,cellular,6,jul,951,5,-1,1,failure,0.7738,1,0.8028
CIF001854,27,blue-collar,single,primary,yes,-2000.0,yes,no,cellular,9,dec,233,2,-1,1,unknown,0.0392,0,0.2265
CIF001855,24,admin.,married,tertiary,no,2396.75,yes,no,cellular,8,aug,233,1,-1,1,failure,0.9151,1,0.0434
CIF001856,70,retired,divorced,unknown,no,3527.94,no,no,unknown,16,mar,1250,4,-1,4,failure,0.5747,1,0.1784
CIF001857,41,retired,married,secondary,no,-1593.61,no,no,unknown,20,aug,1782,4,-1,5,failure,0.5038,0,0.7414
CIF001858,54,blue-collar,divorced,secondary,no,1527.52,yes,no,unknown,4,jan,492,2,-1,4,unknown,0.0106,1,0.6943
CIF001859,50,entrepreneur,divorced,tertiary,no,1151.2,yes,no,unknown,3,jun,1677,2,-1,2,success,0.8977,1,0.8917
CIF001860,63,blue-collar,single,unknown,no,7026.45,yes,yes,cellular,22,jul,620,2,-1,0,failure,0.5439,1,0.317
CIF001861,63,entrepreneur,single,tertiary,no,7273.49,no,no,telephone,9,jan,604,3,-1,0,success,0.8252,1,0.6217
CIF001862,36,admin.,divorced,unknown,no,-2000.0,yes,no,telephone,19,mar,162,1,22,4,success,0.6555,0,0.0268
CIF001863,70,student,divorced,unknown,no,8981.78,no,yes,unknown,3,dec,761,1,-1,4,success,0.7967,1,0.9351
CIF001864,41,retired,single,secondary,no,-1245.68,no,yes,unknown,19,aug,896,3,-1,3,success,0.6929,1,0.5545
CIF001865,69,student,married,secondary,no,4442.02,yes,no,telephone,28,jun,1194,1,24,3,failure,0.921,1,0.7484
CIF001866,43,blue-collar,married,tertiary,no,4411.49,no,no,cellular,14,mar,284,3,-1,5,failure,0.2255,1,0.2838
CIF001867,24,student,single,primary,no,-1487.07,yes,no,unknown,18,feb,339,5,-1,4,success,0.2021,0,0.082
CIF001868,65,management,married,primary,no,2979.8,no,no,unknown,9,jun,777,1,-1,0,unknown,0.7125,1,0.0628
CIF001869,19,blue-collar,divorced,primary,no,1177.4,no,yes,unknown,9,jul,125,5,-1,2,success,0.5014,0,0.8147
CIF001870,65,blue-collar,single,unknown,no,3162.99,yes,no,cellular,2,mar,258,5,-1,0,failure,0.5992,1,0.1519
CIF001871,20,retired,divorced,unknown,no,2192.02,yes,no,cellular,15,oct,1132,5,12,2,failure,0.7085,1,0.824
CIF001872,30,retired,married,unknown,no,5089.02,yes,no,unknown,29,jun,1716,5,5,3,unknown,0.5474,1,0.2653
CIF001873,55,retired,married,primary,no,1726.2,no,no,unknown,4,jan,1031,6,11,1,failure,0.7877,1,0.5413
CIF001874,76,blue-collar,single,secondary,no,996.38,yes,no,unknown,13,feb,260,1,28,0,failure,0.3189,1,0.2619
CIF001875,43,management,married,secondary,no,4788.19,no,no,telephone,26,nov,1783,2,-1,2,other,0.859,1,0.0501
CIF001876,25,student,divorced,primary,no,3241.19,yes,no,unknown,15,may,939,3,5,3,success,0.1077,1,0.5423
CIF001877,32,admin.,single,secondary,no,3695.44,no,no,cellular,23,may,1290,5,-1,4,failure,0.634,1,0.3671
CIF001878,73,blue-collar,divorced,secondary,no,-493.76,no,yes,unknown,12,mar,354,7,-1,0,unknown,0.8901,1,0.4351
CIF001879,63,admin.,divorced,unknown,no,-1635.79,no,no,telephone,19,oct,1041,7,4,1,failure,0.2527,0,0.6016
CIF001880,24,admin.,married,primary,yes,-203.17,yes,no,cellular,30,oct,137,5,5,4,other,0.3268,0,0.3137
CIF001881,41,student,divorced,unknown,no,-362.46,yes,no,unknown,18,mar,1126,3,18,4,unknown,0.3054,0,0.5638
CIF001882,34,blue-collar,married,unknown,no,3858.6,no,no,telephone,24,sep,364,3,-1,5,success,0.5643,1,0.6578
CIF001883,29,blue-collar,divorced,primary,no,4427.95,yes,no,cellular,21,jun,1637,1,-1,4,success,0.4129,1,0.0895
CIF001884,70,admin.,divorced,secondary,no,1034.61,no,no,unknown,3,mar,98,4,-1,5,unknown,0.108,0,0.3501
CIF001885,56,student,divorced,secondary,no,5792.76,no,no,unknown,5,oct,1174,4,-1,3,other,0.8913,1,0.0899
CIF001886,29,entrepreneur,single,unknown,no,5605.41,yes,yes,cellular,19,jan,250,2,5,5,failure,0.2047,0,0.0069
CIF001887,58,retired,married,unknown,no,2230.2,no,no,unknown,11,nov,1236,6,9,2,success,0.5341,1,0.0512
CIF001888,43,blue-collar,married,unknown,no,-965.68,yes,yes,unknown,15,jan,888,6,-1,5,unknown,0.5948,1,0.5922
CIF001889,21,management,married,secondary,no,6226.13,yes,no,cellular,15,apr,1741,3,-1,2,other,0.0408,1,0.0843
CIF001890,45,student,divorced,unknown,no,1316.95,yes,no,telephone,24,mar,1173,7,-1,2,unknown,0.0957,1,0.8685
CIF001891,29,retired,single,unknown,no,1878.5,yes,no,unknown,30,mar,669,1,-1,4,failure,0.9717,1,0.7594
CIF001892,33,management,married,tertiary,no,481.18,yes,yes,cellular,30,jun,157,7,-1,2,other,0.6645,0,0.0088
CIF001893,72,blue-collar,married,primary,no,-1169.37,no,no,unknown,3,oct,1072,6,21,0,success,0.0336,1,0.5732
CIF001894,62,blue-collar,married,secondary,no,-2000.0,no,no,telephone,23,may,793,2,-1,5,success,0.7942,1,0.0103
CIF001895,26,management,married,primary,no,3398.6,no,no,unknown,22,jul,94,5,27,2,failure,0.5085,0,0.1092
CIF001896,70,entrepreneur,divorced,unknown,no,-850.2,no,yes,unknown,26,dec,1046,3,-1,5,other,0.0752,0,0.9882
CIF001897,53,admin.,divorced,secondary,no,10678.59,yes,no,telephone,13,jun,377,6,3,2,other,0.6808,1,0.457
CIF001898,72,blue-collar,single,tertiary,no,-1758.22,no,no,telephone,16,oct,421,2,-1,5,success,0.4994,0,0.0272
CIF001899,64,entrepreneur,divorced,secondary,yes,-2000.0,no,no,telephone,14,may,16,2,-1,3,unknown,0.2049,0,0.8503
CIF001900,39,blue-collar,single,unknown,no,3030.42,yes,no,telephone,12,jan,669,3,-1,4,other,0.8777,1,0.9173
CIF001901,51,management,married,unknown,no,6087.94,yes,no,unknown,8,apr,392,2,1,4,unknown,0.2914,1,0.5484
CIF001902,50,blue-collar,divorced,secondary,no,1693.77,no,no,telephone,20,feb,129,3,20,1,other,0.2846,0,0.7059
CIF001903,62,blue-collar,married,secondary,no,3216.73,no,yes,telephone,1,nov,781,5,-1,4,unknown,0.2728,1,0.7801
CIF001904,33,admin.,divorced,primary,no,-2000.0,no,no,unknown,23,jan,396,5,-1,5,unknown,0.7675,1,0.7347
CIF001905,38,management,divorced,primary,no,-532.53,yes,yes,unknown,26,oct,241,4,-1,3,unknown,0.7061,1,0.4945
CIF001906,33,blue-collar,married,unknown,no,-1720.85,no,no,telephone,7,feb,840,2,1,5,unknown,0.9031,1,0.8327
CIF001907,36,management,married,unknown,no,-2000.0,yes,no,telephone,7,feb,113,2,-1,5,success,0.2293,0,0.5273
CIF001908,27,student,single,unknown,no,1850.94,yes,no,telephone,16,jul,1782,7,-1,3,failure,0.7864,1,0.2595
CIF001909,20,student,divorced,tertiary,no,-2000.0,no,no,telephone,26,jan,847,2,-1,2,unknown,0.573,0,0.0041
CIF001910,76,retired,married,primary,no,-2000.0,yes,no,telephone,4,jan,1793,1,-1,5,failure,0.3087,1,0.3586
CIF001911,22,retired,divorced,primary,no,-111.58,no,no,cellular,13,oct,1586,4,8,1,other,0.0355,0,0.0826
CIF001912,73,student,single,tertiary,no,-993.86,no,no,telephone,7,jan,1763,1,3,3,success,0.8189,1,0.0633
CIF001913,18,retired,divorced,secondary,no,2689.23,yes,no,telephone,26,aug,976,3,2,4,success,0.2411,1,0.4692
CIF001914,66,blue-collar,single,primary,no,2416.74,no,no,cellular,27,feb,761,6,2,5,failure,0.6317,1,0.9437
CIF001915,38,management,single,primary,no,4181.4,yes,no,unknown,3,feb,1295,2,19,1,success,0.5489,1,0.1055
CIF001916,50,student,single,tertiary,no,3757.15,yes,yes,unknown,5,sep,145,5,-1,0,other,0.0044,1,0.2737
CIF001917,35,retired,married,unknown,no,4922.44,no,no,cellular,5,may,1512,4,26,2,success,0.9943,1,0.8301
CIF001918,48,entrepreneur,married,secondary,no,1494.24,yes,yes,cellular,25,jan,582,3,-1,5,unknown,0.8143,1,0.4018
CIF001919,45,blue-collar,married,unknown,no,2410.4,yes,no,telephone,28,sep,13,5,-1,3,success,0.4865,0,0.7588
CIF001920,50,admin.,divorced,secondary,no,3034.54,no,no,unknown,12,dec,427,5,2,0,other,0.6803,1,0.5423
CIF001921,42,entrepreneur,single,tertiary,no,1924.97,yes,no,telephone,5,jul,436,3,-1,0,unknown,0.4766,1,0.6039
CIF001922,51,retired,single,primary,no,308.42,no,no,unknown,20,may,25,2,-1,2,failure,0.7446,1,0.1611
CIF001923,69,management,divorced,tertiary,no,502.67,no,no,cellular,27,nov,1203,7,-1,2,success,0.1343,1,0.3523
CIF001924,44,admin.,divorced,secondary,no,-952.68,yes,no,telephone,28,may,171,2,-1,0,unknown,0.4464,0,0.6218
CIF001925,40,student,married,unknown,no,2764.85,yes,no,unknown,14,aug,1524,7,21,2,success,0.3355,1,0.0268
CIF001926,26,entrepreneur,single,secondary,no,1217.95,yes,no,unknown,24,jun,815,4,-1,2,other,0.4597,1,0.1883
CIF001927,40,entrepreneur,single,primary,no,-489.52,yes,no,cellular,29,sep,1292,7,-1,1,success,0.4505,0,0.3865
CIF001928,25,retired,divorced,primary,no,-486.73,no,no,unknown,25,jul,611,3,-1,1,failure,0.1431,0,0.6746
CIF001929,29,entrepreneur,divorced,secondary,yes,-2000.0,no,no,cellular,15,jun,237,4,-1,3,unknown,0.9765,0,0.5096
CIF001930,77,management,single,secondary,no,4436.52,yes,no,cellular,8,jun,324,5,-1,5,success,0.0155,1,0.7187
CIF001931,23,student,married,secondary,no,1735.85,no,yes,unknown,12,apr,1162,3,-1,5,other,0.0101,0,0.7269
CIF001932,47,management,single,tertiary,no,-1088.4,yes,no,unknown,11,jun,1288,2,-1,3,other,0.3734,1,0.0311
CIF001933,69,management,married,unknown,no,3925.64,no,no,cellular,30,jan,481,4,-1,0,success,0.6204,1,0.9017
CIF001934,77,entrepreneur,divorced,tertiary,no,-181.35,no,no,unknown,22,may,642,5,-1,5,unknown,0.1797,0,0.8242
CIF001935,27,student,divorced,secondary,no,-2000.0,no,no,unknown,26,jan,1701,2,-1,5,failure,0.5332,0,0.2711
CIF001936,28,admin.,divorced,tertiary,no,4563.67,no,no,cellular,24,apr,1533,6,8,1,failure,0.7228,1,0.4845
CIF001937,41,blue-collar,married,unknown,no,-111.29,no,no,cellular,15,may,743,5,-1,2,unknown,0.0941,0,0.3081
CIF001938,52,student,single,primary,no,273.3,yes,no,cellular,24,jan,433,2,-1,0,unknown,0.9844,1,0.9066
CIF001939,77,entrepreneur,divorced,primary,no,1623.54,yes,no,unknown,20,apr,542,7,25,4,success,0.3367,1,0.3828
CIF001940,30,blue-collar,single,primary,no,4927.77,yes,no,telephone,23,sep,969,1,-1,4,unknown,0.6424,1,0.3961
CIF001941,28,entrepreneur,divorced,unknown,no,1560.11,no,no,telephone,10,dec,1020,5,-1,0,unknown,0.1107,0,0.9119
CIF001942,33,blue-collar,single,unknown,no,-2000.0,no,no,telephone,7,aug,331,4,12,4,other,0.7095,1,0.6007
CIF001943,72,management,single,secondary,no,3131.63,yes,yes,telephone,6,sep,118,5,-1,2,success,0.8405,1,0.1379
CIF001944,19,blue-collar,single,unknown,no,45.03,yes,no,telephone,9,sep,891,6,9,3,other,0.1053,0,0.626
CIF001945,41,entrepreneur,married,tertiary,yes,7163.77,yes,no,cellular,30,dec,1435,5,1,1,unknown,0.1259,1,0.7944
CIF001946,25,student,single,unknown,no,1496.64,no,no,telephone,29,dec,274,5,26,4,failure,0.281,1,0.3378
CIF001947,27,admin.,married,unknown,no,-2000.0,no,no,cellular,5,feb,735,6,26,2,success,0.0119,0,0.527
CIF001948,74,retired,divorced,unknown,no,2572.09,yes,no,unknown,17,jun,290,5,-1,5,success,0.9861,1,0.6268
CIF001949,18,admin.,single,secondary,no,7333.79,no,no,cellular,29,nov,435,6,7,0,failure,0.5984,0,0.5104
CIF001950,37,entrepreneur,single,tertiary,no,6227.76,no,no,cellular,23,nov,1102,3,-1,3,other,0.6076,1,0.9991
CIF001951,74,retired,divorced,primary,no,6992.86,no,no,telephone,19,jul,515,2,-1,1,success,0.959,1,0.5068
CIF001952,55,student,single,unknown,no,-1559.28,no,no,telephone,18,jun,474,2,-1,5,unknown,0.832,1,0.6434
CIF001953,22,blue-collar,divorced,secondary,no,4236.46,yes,no,telephone,10,jan,1792,5,-1,3,unknown,0.8142,1,0.7936
CIF001954,46,admin.,single,secondary,no,-665.98,no,no,unknown,28,jun,310,4,-1,4,unknown,0.3395,1,0.1366
CIF001955,78,retired,divorced,tertiary,no,2172.87,yes,no,unknown,3,jul,340,1,-1,0,other,0.3349,1,0.0439
CIF001956,42,student,divorced,unknown,no,-2000.0,yes,no,telephone,27,aug,1673,2,-1,4,other,0.2917,1,0.973
CIF001957,50,management,married,tertiary,yes,-433.37,no,no,unknown,27,jul,990,7,-1,0,failure,0.3467,1,0.7323
CIF001958,50,admin.,married,unknown,no,-528.74,yes,no,telephone,8,mar,77,6,21,2,success,0.3695,0,0.3933
CIF001959,58,management,divorced,tertiary,no,4195.67,no,no,cellular,16,dec,764,6,-1,1,other,0.14,1,0.0177
CIF001960,29,entrepreneur,married,unknown,no,3902.16,yes,no,cellular,27,mar,1017,2,10,0,unknown,0.3559,1,0.1664
CIF001961,70,entrepreneur,divorced,tertiary,no,2330.46,yes,yes,cellular,15,may,455,1,14,3,other,0.4467,1,0.0097
CIF001962,79,admin.,married,secondary,yes,-2000.0,no,no,cellular,10,jul,986,3,4,1,failure,0.3093,1,0.3965
CIF001963,26,blue-collar,divorced,unknown,no,565.08,yes,no,unknown,3,apr,1167,6,-1,3,failure,0.1653,0,0.5549
CIF001964,68,student,divorced,secondary,no,-738.35,yes,no,telephone,14,jan,451,4,16,4,unknown,0.3734,1,0.1606
CIF001965,68,admin.,single,tertiary,no,4109.03,yes,no,telephone,9,aug,1462,6,5,1,success,0.4809,1,0.6399
CIF001966,63,student,single,secondary,no,5034.55,no,no,telephone,26,mar,814,4,5,4,success,0.7207,1,0.9542
CIF001967,40,management,single,secondary,no,4669.16,yes,yes,cellular,26,nov,1734,4,20,1,unknown,0.7112,1,0.9905
CIF001968,47,management,single,secondary,no,-765.66,yes,yes,unknown,10,oct,157,5,-1,1,success,0.2027,0,0.8332
CIF001969,70,student,single,secondary,no,-2000.0,yes,no,cellular,7,jun,583,7,-1,3,unknown,0.0367,1,0.4439
CIF001970,27,blue-collar,married,unknown,no,-2000.0,no,no,telephone,9,jun,1298,4,19,3,failure,0.3038,0,0.5474
CIF001971,69,student,married,unknown,yes,5764.88,no,no,unknown,13,dec,1610,5,-1,3,success,0.1571,1,0.5033
CIF001972,75,blue-collar,divorced,tertiary,no,296.24,yes,yes,unknown,21,jan,399,7,11,1,other,0.3958,0,0.1557
CIF001973,60,entrepreneur,divorced,primary,no,-752.17,yes,no,telephone,5,may,1764,3,-1,3,unknown,0.9793,1,0.8544
CIF001974,39,entrepreneur,single,primary,no,6427.98,no,no,unknown,30,jan,348,6,-1,1,failure,0.1811,1,0.6758
CIF001975,52,management,divorced,primary,no,5295.48,no,no,cellular,22,feb,749,4,-1,1,failure,0.3189,1,0.6379
CIF001976,21,blue-collar,single,tertiary,no,1573.35,no,no,cellular,4,dec,566,7,-1,5,success,0.7251,1,0.2203
CIF001977,75,retired,single,unknown,no,619.79,no,no,telephone,10,feb,763,4,27,0,other,0.5092,1,0.1532
CIF001978,39,admin.,married,secondary,no,1103.7,yes,no,cellular,22,dec,1624,5,-1,2,success,0.0439,1,0.873
CIF001979,21,management,single,secondary,no,2181.49,yes,no,cellular,16,oct,1318,3,2,2,other,0.1617,1,0.1794
CIF001980,67,management,married,tertiary,no,6300.14,no,no,unknown,16,aug,1433,5,-1,1,failure,0.9352,1,0.0737
CIF001981,58,management,divorced,unknown,no,2767.4,yes,no,unknown,2,sep,457,3,26,4,success,0.1032,1,0.6256
CIF001982,56,management,married,secondary,no,3678.09,no,no,cellular,13,mar,1704,5,-1,2,failure,0.6351,1,0.7043
CIF001983,21,retired,single,secondary,no,5007.81,no,no,cellular,19,feb,783,6,-1,4,other,0.7923,1,0.1196
CIF001984,64,student,single,tertiary,no,-2000.0,yes,no,telephone,23,may,1173,4,-1,2,unknown,0.2654,0,0.2069
CIF001985,57,blue-collar,married,unknown,yes,3764.59,no,no,cellular,14,oct,1255,4,-1,5,other,0.7251,1,0.7888
CIF001986,67,entrepreneur,single,tertiary,no,616.29,no,yes,cellular,17,apr,1193,3,28,4,success,0.1699,1,0.9296
CIF001987,69,management,married,tertiary,no,-2000.0,no,no,unknown,7,mar,1083,6,28,1,other,0.2848,0,0.4765
CIF001988,31,entrepreneur,married,tertiary,no,-2000.0,yes,no,unknown,24,oct,864,5,-1,5,success,0.3118,0,0.792
CIF001989,31,student,divorced,primary,no,-1554.35,yes,no,unknown,21,aug,1165,4,-1,5,failure,0.9964,1,0.3194
CIF001990,75,management,single,unknown,yes,3093.67,yes,no,cellular,23,jul,1629,1,-1,3,failure,0.2146,1,0.7032
CIF001991,50,management,single,primary,yes,1841.4,yes,no,unknown,21,may,701,1,-1,0,unknown,0.1292,1,0.5572
CIF001992,45,blue-collar,married,secondary,no,2053.1,yes,no,cellular,30,oct,919,1,-1,3,other,0.9257,1,0.8432
CIF001993,35,entrepreneur,married,secondary,yes,7352.83,no,no,unknown,27,sep,324,6,-1,4,unknown,0.1619,1,0.7759
CIF001994,57,management,single,tertiary,no,-2000.0,no,no,telephone,25,may,639,6,-1,2,other,0.8793,1,0.2841
CIF001995,64,entrepreneur,divorced,primary,no,1417.7,yes,no,cellular,11,feb,1389,1,20,0,success,0.6505,1,0.1495
CIF001996,18,retired,married,primary,no,2413.31,yes,no,unknown,3,nov,1152,1,-1,3,unknown,0.5769,1,0.8077
CIF001997,52,admin.,divorced,unknown,no,-708.82,no,no,telephone,1,feb,380,6,-1,4,other,0.7513,1,0.0328
CIF001998,79,admin.,married,secondary,no,1584.98,yes,no,cellular,24,jun,983,4,-1,1,unknown,0.726,1,0.679
CIF001999,35,entrepreneur,single,tertiary,no,-2000.0,no,no,unknown,27,nov,1461,3,-1,2,unknown,0.1105,0,0.4759
CIF002000,35,blue-collar,married,tertiary,no,5729.72,no,yes,unknown,20,jun,223,5,-1,0,success,0.9995,1,0.0753
